t,CPI_Food,COIN,Copper_ETF,SnP500_ETF,Spot_Oil,USD_Index,Unemp_Rate,Y10_Note,Y2_Note,Yield_Curve,XLY,XLP,XLE,XLF,XLV,XLI,XLB
1998/12,175.4,80.1,0.6635,1229.22998,11.28,94.169998,4.4,4.65,4.51,10.53,19.35316658,14.62838554,11.78548717,11.35769749,17.66635895,15.38472271,12.21023464
1999/01,175.6,80.3,0.6415,1279.640015,12.47,96.080002,4.3,4.72,4.62,10.44,20.34861565,14.43478966,11.01241398,11.55456448,18.51569748,15.21835613,11.75768661
1999/02,175.6,80.8,0.6235,1238.329956,12.01,98.68,4.4,5,4.88,10.69,20.22128296,14.2833004,10.91775417,11.73628807,18.53692245,15.35537052,11.94044876
1999/03,175.7,80.8,0.622,1286.369995,14.66,100.099998,4.2,5.23,5.05,10.63,21.20499992,14.26635838,12.46121502,12.11666584,19.02529907,15.67790222,12.15524292
1999/04,176.3,80.9,0.7165,1335.180054,17.34,101,4.3,5.18,4.98,10.23,21.76119804,13.76888561,14.3058548,12.96696377,19.70477676,18.03547859,15.15913963
1999/05,176.5,81.2,0.624,1301.839966,17.75,102.510002,4.2,5.54,5.25,10.6,20.7762661,13.62555218,13.99709892,12.18499565,19.09961891,17.68184662,13.77944374
1999/06,176.6,81.4,0.7595,1372.709961,17.89,102.849998,4.3,5.9,5.62,10.81,22.11537743,13.86617088,14.28283405,12.71365166,19.93835258,18.76665497,14.57573509
1999/07,177.1,81.7,0.758,1328.719971,20.07,99.75,4.3,5.79,5.55,10.78,20.46774864,13.3497839,14.55337429,11.93713665,19.34380341,18.0781498,14.40930653
1999/08,177.3,82,0.777,1320.410034,21.26,99.949997,4.2,5.94,5.68,11.1,19.67874527,13.57835579,14.71250629,11.41184044,18.47322464,18.22568703,13.76110554
1999/09,177.8,81.9,0.8175,1282.709961,23.88,98.540001,4.2,5.92,5.66,11.22,19.39310837,12.35342789,14.03587246,10.81601048,18.21842384,18.13169479,13.32953262
1999/10,178.1,82.5,0.803,1362.930054,22.64,99.059998,4.1,6.11,5.86,11.41,21.11280441,13.48186874,13.82804585,12.49646378,19.14208794,17.73753357,13.64585781
1999/11,178.4,82.9,0.8,1388.910034,24.97,101.989998,4.1,6.03,5.86,11.26,21.12442398,13.52428436,13.80407715,11.94650269,19.36503792,17.34335709,13.45254803
1999/12,178.7,83.4,0.8525,1469.25,26.08,101.870003,4,6.28,6.1,11.34,23.12870026,12.54269314,13.90090752,11.66068935,21.11223412,18.74765205,15.00915146
2000/01,179.3,83.8,0.844,1394.459961,27.18,105.129997,4,6.66,6.44,11.62,20.2550602,12.65331459,14.01313686,11.31569958,20.57829094,17.2142067,13.17381954
2000/02,179.4,83.8,0.787,1366.420044,29.35,105.919998,4.1,6.52,6.61,11.73,19.12654686,11.17269611,13.41990089,10.10439968,19.23275375,16.26445198,11.85026073
2000/03,180,84.2,0.8,1498.579956,29.89,105.440002,4,6.26,6.53,12.08,21.83326721,11.59270763,15.08966255,11.94970322,20.96273422,18.52856636,13.04586983
2000/04,180.3,84.6,0.79,1452.430054,25.74,110.139999,3.8,5.99,6.4,12.41,21.37865257,12.2073431,14.86444569,12.06512737,20.71712494,18.79624557,12.6124897
2000/05,180.7,84.6,0.811,1420.599976,28.78,108.739998,4,6.44,6.81,12.71,20.22463989,13.07808113,16.6098938,12.33444118,20.16181755,18.71692467,12.21447277
2000/06,181.1,84.8,0.8155,1454.599976,31.83,106.839996,4,6.1,6.48,12.42,19.13043785,13.81845856,15.69607353,11.73619652,20.20454025,17.98077011,11.16999435
2000/07,181.5,84.9,0.871,1430.829956,29.77,109.57,4,6.05,6.34,12.47,19.43409538,13.31363583,15.09797859,12.77083302,19.90553284,18.25892067,11.26773834
2000/08,181.9,85,0.885,1517.680054,31.22,112.599998,4.1,5.83,6.23,12.43,18.62823677,13.1510601,16.74678612,14.06799793,20.61033058,20.06693649,11.52544498
2000/09,182.3,85.3,0.9155,1436.51001,33.88,113.25,3.9,5.8,6.08,12.72,18.65106201,13.73360538,17.02212906,14.37382889,19.86281013,19.48414993,10.39557552
2000/10,182.6,85.2,0.8425,1429.400024,33.08,116.650002,3.9,5.74,5.91,13.67,18.41689491,14.68696499,16.55942917,14.24991512,20.16181755,19.92244911,11.30731487
2000/11,183.1,85.2,0.841,1314.949951,34.4,115.239998,3.9,5.72,5.88,14.61,17.96028137,15.19371033,15.69087791,13.52192688,18.32504463,19.24508286,11.02127361
2000/12,183.3,85.2,0.8465,1320.280029,28.46,109.559998,3.9,5.24,5.35,14.36,19.22593498,15.74639511,17.29283714,14.6757288,18.62741089,20.00538063,12.57405472
2001/01,183.9,85.2,0.8485,1366.01001,29.58,110.519997,4.2,5.16,4.76,12.9,21.46170044,14.59831715,16.74180984,14.64090157,19.97404671,20.08219719,12.23837566
2001/02,184.4,85.2,0.81,1239.939941,29.61,112.010002,4.2,5.1,4.66,12.55,19.92925644,14.68652344,16.53859901,13.6558876,19.59125328,18.87867355,12.3968544
2001/03,184.7,85,0.7585,1160.329956,27.24,117.370003,4.3,4.89,4.34,12.98,19.63863182,13.66790867,16.04520607,13.24687195,18.3368206,17.07067871,11.77602005
2001/04,185.1,84.7,0.7665,1249.459961,27.41,115.849998,4.4,5.14,4.23,13.14,20.54943275,13.93331146,17.70198631,13.72603512,19.69054985,19.02233887,13.03205204
2001/05,185.3,84.6,0.752,1255.819946,28.64,119.07,4.3,5.39,4.26,12.8,21.03870773,14.13788795,17.53474426,14.3299799,20.44261551,19.81842041,13.53328228
2001/06,186,84.2,0.7045,1224.380005,27.6,119.43,4.5,5.28,4.08,13.29,20.87303543,13.4839592,15.93678856,14.22743607,20.21169281,18.59387589,13.0662117
2001/07,186.4,84.2,0.678,1211.22998,26.45,117.18,4.6,5.24,4.04,12.98,21.80089951,13.89442444,15.75300407,14.09216404,19.80814171,18.55527687,13.03067303
2001/08,186.7,84.2,0.6785,1133.579956,27.47,113.419998,4.9,4.97,3.76,12.62,19.89237976,13.96097851,15.0861187,13.1603651,18.80267906,17.91831589,12.97736359
2001/09,187.1,83.7,0.646,1040.939941,25.88,113.480003,5,4.73,3.12,14.28,17.37965012,13.94415283,13.63433552,12.41884518,16.0802002,15.29293823,11.44027042
2001/10,187.4,83.9,0.622,1059.780029,22.21,114.860001,5.3,4.57,2.73,13.4,18.29516983,13.85512066,14.18350792,12.24272442,16.16231155,15.56430912,11.75010872
2001/11,188.1,83.6,0.722,1139.449951,19.67,116.129997,5.5,4.65,2.78,12.67,20.73150063,14.46719646,13.3914299,13.03777409,18.0371933,17.12138367,13.23972702
2001/12,188.4,83.6,0.671,1148.079956,19.33,116.75,5.7,5.09,3.11,12.81,21.67341805,14.18322468,14.15711784,13.29171848,18.47359085,17.89669037,12.8432169
2002/01,188.7,83.7,0.694,1130.199951,19.67,120.239998,5.7,5.04,3.03,12.42,22.38575745,14.0882988,13.65339184,13.14010239,18.33649635,16.76602936,13.14300537
2002/02,189.1,83.7,0.714,1106.72998,20.74,119.160004,5.7,4.91,3.02,12.53,22.50701523,14.3842411,14.12000465,12.91268253,19.17963028,17.18599892,13.83852577
2002/03,189.2,83.8,0.748,1147.390015,24.42,118.620003,5.7,5.28,3.56,12.08,22.79334259,14.6162138,15.36997128,13.7669878,20.29230499,17.65094376,14.26408195
2002/04,189.7,84,0.7325,1076.920044,26.27,115.190002,5.9,5.21,3.42,11.46,22.15598297,14.07299137,14.81667328,13.41710377,20.16887093,16.43274307,13.59028339
2002/05,190,84.2,0.7615,1067.140015,27.02,111.809998,5.8,5.16,3.26,11.76,22.04216957,13.91619873,14.55597973,13.37654209,20.4500351,16.5040226,14.26408195
2002/06,190.2,84.4,0.7675,989.8200073,25.52,106.110001,5.8,4.93,2.99,12.98,20.88121033,12.4981451,14.02285194,12.80438232,18.98723602,15.49182129,14.02113628
2002/07,190.5,84.3,0.6775,911.6199951,26.94,107.410004,5.8,4.65,2.56,13.45,18.3879261,11.96451569,12.07998657,11.73990345,18.43847275,14.61491776,12.43098354
2002/08,191.1,84.4,0.687,916.0700073,28.38,106.980003,5.7,4.26,2.13,13.08,18.94283295,12.06000805,12.26196384,11.95891476,18.6168232,14.38756847,12.36447906
2002/09,191.3,84.3,0.66,815.2800293,29.67,106.870003,5.7,3.87,2,13.36,17.25407028,11.18826771,11.38700771,10.58440781,17.46364212,12.72727203,10.75966167
2002/10,191.5,84.3,0.714,885.7600098,28.85,106.639999,5.7,3.94,1.91,13.66,18.41854858,11.62358093,11.59687996,11.55221844,18.4820118,13.35320854,11.37397671
2002/11,191.9,84.5,0.736,936.3099976,26.27,106.410004,5.9,4.05,1.92,12.29,19.27097702,11.30133915,12.07582283,11.98235226,19.05311966,14.05085659,12.74250412
2002/12,192.1,84.4,0.699,879.8200073,29.42,101.849998,6,4.03,1.84,11.93,17.62916374,11.33322716,12.07862663,11.33305168,18.33707809,13.49893856,12.15886497
2003/01,192.4,84.5,0.7625,855.7000122,32.94,99.910004,5.8,4.05,1.74,11.49,17.04176521,10.94673824,11.77571774,11.18880749,18.27492142,12.77121258,11.55214882
2003/02,192.5,84.2,0.775,841.1500244,35.87,99.709999,5.9,3.9,1.63,11.29,16.96549034,10.61140251,12.12189484,10.84366512,17.86742973,12.57452583,11.24571991
2003/03,192.5,84.3,0.7125,848.1799927,33.55,99.059998,5.9,3.81,1.57,10.77,17.36432076,10.61266327,12.1367054,10.74236202,18.50435066,12.70814705,11.31516361
2003/04,192.5,84.3,0.725,916.9199829,28.25,97.190002,6,3.96,1.62,9.51,19.39639091,10.92699051,12.03338718,12.09292221,19.11377907,14.08359814,12.33710289
2003/05,192.9,84.6,0.78,963.5900269,28.14,93.269997,6.1,3.57,1.42,9.4,20.42771721,11.46419048,13.31122017,12.70869446,19.50852013,14.46530533,12.71877956
2003/06,193,84.8,0.748,974.5,30.72,94.730003,6.3,3.33,1.23,8.91,20.72384834,11.57358932,13.14027882,12.76251984,20.37010384,14.76743031,12.83354568
2003/07,193.4,85,0.818,990.3099976,30.76,96.889999,6.2,3.98,1.47,9.3,21.10634995,11.55636406,12.67586422,13.31877232,20.06452751,15.25550652,13.84265423
2003/08,193.6,85,0.803,1008.01001,31.59,98.099998,6.1,4.45,1.86,9.13,22.18500328,11.7515564,13.48449612,13.16281033,19.32139206,15.84910011,14.22648239
2003/09,193.7,85.3,0.813,995.9699707,28.29,92.849998,6.1,4.27,1.71,8.61,21.12628937,11.70534134,13.20644855,13.27951813,19.37168121,15.41557407,13.58566093
2003/10,194,85.5,0.937,1050.709961,30.33,92.730003,6,4.29,1.75,8.25,23.0489502,12.23530865,13.33274937,14.19931602,19.50403786,16.36870384,14.88012981
2003/11,194,85.9,0.907,1058.199951,31.09,90.209999,5.8,4.3,1.93,8.09,23.25576782,12.37931538,13.43708134,14.1470499,19.92197227,16.69303513,15.21618652
2003/12,194.2,85.8,1.042,1111.920044,32.15,86.919998,5.7,4.27,1.91,7.69,24.1872139,12.59952927,15.19631958,14.78869247,21.07481956,17.79936981,16.70783234
2004/01,194.6,85.7,1.1205,1131.130005,34.27,87.199997,5.7,4.15,1.76,7.48,24.04894447,12.59952927,15.53831387,15.27237129,21.65499496,17.97896385,15.96915531
2004/02,194.9,86,1.343,1144.939941,34.74,87.309998,5.6,4.08,1.74,7.58,24.57124519,13.31685734,16.35465813,15.70871353,21.88565826,17.8459301,16.8017292
2004/03,195.5,86.4,1.3585,1126.209961,36.76,87.610001,5.8,3.83,1.58,7.52,24.4196167,13.2838583,16.25243378,15.52627945,20.9732399,17.62763786,16.41432762
2004/04,195.9,86.5,1.2095,1107.300049,36.69,90.480003,5.6,4.35,2.07,7.78,24.1427269,13.45803165,16.52939034,14.85031223,21.62494087,17.62096214,15.65421867
2004/05,196.2,86.9,1.278,1120.680054,40.28,88.949997,5.6,4.72,2.53,8.32,24.29654884,13.38255405,16.47954178,15.10379314,21.55486298,18.05480766,16.09395027
2004/06,196.6,86.8,1.205,1140.839966,38.02,88.800003,5.6,4.73,2.76,8.16,24.35935402,13.45597553,17.50729561,15.17060184,21.47437668,19.16924095,16.90146637
2004/07,196.8,87.1,1.308,1101.719971,40.69,89.959999,5.5,4.5,2.64,7.96,23.43518829,12.79163265,18.04674721,14.84680176,20.32194519,18.63416481,16.51647949
2004/08,196.9,87.3,1.281,1104.23999,44.94,88.940002,5.4,4.28,2.51,7.67,23.38898087,13.0189085,17.76867867,15.32984447,20.65221405,18.64753914,16.79417801
2004/09,197.5,87.5,1.4,1114.579956,45.95,87.360001,5.4,4.13,2.53,7.48,24.0634594,12.67602158,19.50343513,15.18875694,20.29109573,19.0484066,17.46912575
2004/10,197.9,87.8,1.3475,1130.199951,53.13,84.910004,5.5,4.1,2.58,7.21,25.03524399,12.75794983,19.62068367,15.2688036,19.84002876,19.24305344,17.30426025
2004/11,198.3,87.8,1.443,1173.819946,48.46,81.82,5.4,4.19,2.85,7.13,26.08415985,13.07398129,20.94399071,15.74378681,20.22766685,20.45120049,18.71192551
2004/12,198.6,89.2,1.487,1211.920044,43.33,80.849998,5.4,4.23,3.01,6.98,27.30267715,13.56282043,20.3532238,16.39470673,21.34310913,20.95902824,18.96214676
2005/01,199,88.4,1.463,1181.27002,46.84,83.599998,5.3,4.22,3.22,7.17,26.13443947,13.72148228,21.04249382,16.04027748,20.67856026,20.37213135,18.38172913
2005/02,199.4,88.6,1.5,1203.599976,47.97,82.510002,5.4,4.17,3.38,6.98,25.99517822,13.70385456,24.5729351,15.93287659,21.30067825,20.60824203,19.82956696
2005/03,200.1,88.6,1.5105,1180.589966,54.31,84.059998,5.2,4.5,3.73,7.84,25.69140816,13.58377171,24.10375023,15.32667732,21.18181419,20.59920502,19.3025322
2005/04,200.2,89,1.493,1156.849976,53.04,84.43,5.2,4.34,3.65,8.21,24.0566349,13.44214916,22.79932785,15.35366344,21.91956139,19.84780693,17.9265213
2005/05,200.5,89.2,1.505,1191.5,49.83,87.760002,5.1,4.14,3.64,7.99,25.5442009,13.7548933,23.43466949,15.80714798,22.19622421,20.47735786,17.81132698
2005/06,200.6,89.6,1.5535,1191.329956,56.26,89.110001,5,4,3.64,7.7,25.43406677,13.48914719,25.07021904,16.00417709,22.07885361,19.93794823,17.45478058
2005/07,200.9,89.7,1.6875,1234.180054,58.7,89.349998,5,4.18,3.87,7.51,26.87726021,13.92198944,26.84684753,16.2539978,22.57692909,20.69800186,18.41950035
2005/08,201.1,89.8,1.7095,1220.329956,64.97,87.580002,4.9,4.26,4.04,7.62,25.99273682,13.67888641,28.56145477,15.98789406,22.49865723,20.20939445,17.64772987
2005/09,201.3,89.3,1.8015,1228.810059,65.57,89.519997,5,4.2,3.95,7.84,25.25399971,13.8723774,30.35692596,16.12471962,22.37398529,20.54805374,17.78358841
2005/10,202,89.8,1.896,1207.01001,62.37,90.07,5,4.46,4.27,8.15,24.74098396,13.80682278,27.61366272,16.61633492,21.6888485,20.2550869,17.82239342
2005/11,202.5,90.4,2.075,1249.47998,58.3,91.57,5,4.54,4.42,8.17,25.72813416,13.93196583,28.02656937,17.40835762,21.95291519,21.43372536,19.1868763
2005/12,202.8,90.8,2.1645,1248.290039,59.43,91.169998,4.9,4.47,4.4,8.13,25.50794792,13.94825172,28.53091049,17.4119072,22.71249008,21.53511238,19.73583221
2006/01,203.2,91.2,2.2355,1280.079956,65.51,88.959999,4.7,4.42,4.4,7.96,25.96107292,13.97220802,32.69911194,17.56585121,23.00606537,21.59679794,20.68742752
2006/02,203.6,91.6,2.1855,1280.660034,61.63,90.110001,4.8,4.57,4.67,8,26.14858246,14.09198284,29.68213844,17.93970871,23.27099419,22.26848412,20.24420929
2006/03,204.3,91.8,2.488,1294.869995,62.9,89.730003,4.7,4.72,4.73,8.01,26.30242729,14.20819569,30.94177628,17.99170303,22.97371674,23.25339699,21.18837166
2006/04,204.8,91.8,3.3355,1310.609985,69.69,86.110001,4.7,4.99,4.89,8.05,26.63844109,14.34666157,32.50024414,18.77106476,22.26252556,23.75561142,21.94159126
2006/05,205.4,91.9,3.7165,1270.089966,70.94,84.720001,4.6,5.11,4.97,8.23,26.19303513,14.37675762,31.59587097,18.0635643,21.79557419,23.34971428,21.05737114
2006/06,205.9,91.9,3.4625,1270.199951,70.96,85.220001,4.6,5.11,5.12,8.5,26.14718819,14.64135742,32.39783859,17.98000717,21.80319214,23.31971741,21.16604614
2006/07,206.3,91.9,3.61,1276.660034,74.41,85.300003,4.7,5.09,5.12,8.43,25.2779789,14.87135983,33.48252487,18.3914299,22.99285889,21.99543571,20.3747921
2006/08,206.8,92,3.469,1303.819946,73.05,85.050003,4.7,4.88,4.9,8.24,25.7791481,15.44635963,31.78127861,18.60825348,23.64897537,22.24373817,20.98801041
2006/09,207.2,92.2,3.459,1335.849976,63.87,85.970001,4.5,4.72,4.77,8.08,27.42144775,15.43857574,30.61842728,19.35729218,24.01189804,23.09299469,20.98512268
2006/10,207.6,92.4,3.336,1377.939941,58.88,85.32,4.4,4.73,4.8,7.91,29.19462585,15.71230412,31.92451286,19.81020355,24.09146881,23.7440815,22.24528694
2006/11,207.8,92.6,3.1715,1400.630005,59.37,82.919998,4.5,4.6,4.74,7.69,29.56337929,15.57848644,34.66270447,19.94998169,24.0625267,24.32590675,23.21362495
2006/12,208.1,93.2,2.854,1418.300049,62.03,83.720001,4.4,4.56,4.67,7.63,30.20446205,15.9693203,33.68612289,20.70077705,24.31405258,24.4457531,23.36026955
2007/01,208.6,93.1,2.5835,1438.23999,54.57,84.610001,4.6,4.76,4.88,7.58,31.07060814,16.29335785,33.3758812,20.89235306,25.05458069,24.95550346,24.30566788
2007/02,209.135,93.5,2.733,1406.819946,59.26,83.57,4.5,4.72,4.85,7.38,30.14149857,16.04268646,32.69215393,20.25566864,24.47377205,24.6761837,24.95606232
2007/03,209.418,93.7,3.1435,1420.859985,60.56,82.93,4.4,4.56,4.57,7.49,29.99899292,16.37419128,34.7477684,20.15988159,24.52154541,24.87654305,25.54530907
2007/04,209.747,93.9,3.5415,1482.369995,63.97,81.449997,4.5,4.69,4.67,7.35,30.70894814,16.83500481,36.52896881,20.94070244,26.31420898,26.03114319,25.92798805
2007/05,210.058,94.1,3.306,1530.619995,63.46,82.300003,4.4,4.75,4.77,7.37,31.6318531,17.0623436,39.37080765,21.44427872,26.7660141,27.38167763,27.45870209
2007/06,210.392,94.1,3.4535,1503.349976,67.48,81.919998,4.6,5.1,4.98,7.98,31.07926369,16.72236443,39.88403702,20.58299065,25.86995506,27.38906479,27.31265259
2007/07,210.773,94,3.6535,1455.27002,74.18,80.769997,4.7,5,4.82,8.9,29.23806,16.2463398,39.88980103,18.71697807,24.63910484,27.6486454,26.58431625
2007/08,211.119,94.2,3.411,1473.98999,72.39,80.790001,4.6,4.67,4.31,8.96,29.41981506,16.6296196,40.36965179,19.20055008,25.20324326,27.655653,26.40224266
2007/09,211.554,94.3,3.6305,1526.75,79.93,77.720001,4.7,4.52,4.01,8.55,29.16100883,17.39364052,43.35663986,19.6692791,25.9895649,28.96593094,28.52859497
2007/10,212.077,94.3,3.468,1549.380005,86.2,76.480003,4.7,4.53,3.97,8.63,29.0185051,17.66094398,44.45796585,19.33115578,26.47480011,28.59222412,29.7141819
2007/11,212.66,94.3,3.157,1481.140015,94.62,76.150002,4.7,4.15,3.34,9.37,27.43493652,18.14583397,42.58575058,17.76654816,26.81299973,27.78135681,28.21694946
2007/12,213.168,94.3,3.0305,1468.359985,91.73,76.699997,5,4.1,3.12,9.53,26.07605743,17.99524117,46.1123848,16.73125648,26.05482864,27.74428558,28.51950264
2008/01,213.771,94.4,3.2895,1378.550049,92.95,75.18,5,3.74,2.48,10.03,25.98037529,16.99550056,40.44640732,16.852705,24.86683273,26.21394348,27.32263947
2008/02,213.939,94.1,3.852,1330.630005,95.35,73.709999,4.9,3.74,1.97,10.49,24.97560883,16.95176506,44.19467926,14.93841362,24.20272255,25.68259239,27.95185089
2008/03,214.42,93.8,3.8635,1322.699951,105.56,71.800003,5.1,3.51,1.62,10.9,24.52941704,17.50097847,43.16217804,14.49921131,23.10292435,26.61504364,27.5588913
2008/04,214.56,93.6,3.934,1385.589966,112.57,72.510002,5,3.68,2.05,10.07,25.11231995,17.36905861,47.64390564,15.51362324,23.33269882,27.39783096,29.02705383
2008/05,214.936,93.3,3.628,1400.380005,125.39,72.879997,5.4,3.88,2.45,10.09,25.79900742,17.89672852,50.1207962,14.43507862,23.77741051,27.63979149,30.53637123
2008/06,215.424,93,3.8955,1280,133.93,72.459999,5.6,4.1,2.77,10.83,22.8232708,16.87670517,51.70230865,11.91624355,22.77139664,24.31596947,28.76028252
2008/07,215.965,92.5,3.7165,1267.380005,133.44,73.230003,5.8,4.01,2.57,11.39,22.86334038,17.28679276,43.47484207,12.72202492,23.79157066,24.50900269,27.82985878
2008/08,216.393,92.2,3.4295,1282.829956,116.61,77.379997,6.1,3.89,2.42,11.54,24.44206238,17.75366402,43.6209259,12.59851551,24.28303909,25.18106842,27.39566422
2008/09,216.713,90.9,2.888,1166.359985,103.9,79.449997,6.1,3.69,2.08,14.03,22.4372673,17.53151894,37.10793686,11.81076622,22.47854805,22.14127731,23.15549278
2008/10,216.788,91,1.844,968.75,76.65,85.629997,6.5,3.81,1.61,19.08,18.48059845,15.32103062,30.13188553,9.221782684,19.89782143,18.10121155,17.96976852
2008/11,216.947,90.3,1.6235,896.2399902,57.44,86.519997,6.8,3.53,1.21,21.81,16.47812653,15.28926086,29.47530746,7.517561913,18.64111328,16.61314201,16.04938889
2008/12,216.925,89.3,1.395,903.25,41.02,81.309998,7.3,2.42,0.82,19.57,17.47847366,15.29171085,28.1491642,7.545427799,19.98142624,16.99958229,15.95699024
2009/01,217.346,87.8,1.45,825.8800049,41.74,86,7.8,2.52,0.81,18.18,15.62287045,14.18983746,27.64829254,5.568669319,19.74059677,14.95991802,14.77810574
2009/02,217.792,87.2,1.526,735.0900269,39.16,88.010002,8.3,2.87,0.98,19.47,14.20481205,13.04311752,24.23644447,4.580291748,17.29466057,12.41216373,13.59220791
2009/03,218.253,86.3,1.839,797.8699951,47.98,85.43,8.7,2.82,0.93,18.73,16.00848198,13.59723854,25.14875412,5.362778187,18.33333778,13.50658512,15.67991066
2009/04,218.706,85.9,2.053,872.8099976,49.79,84.610001,9,2.93,0.93,15.54,18.97393036,14.17721367,27.11518097,6.531513691,18.31061172,15.94699287,18.12261772
2009/05,218.904,85.6,2.1975,919.1400146,59.16,80.43,9.4,3.29,0.93,14.02,18.83542252,14.89896965,30.60971069,7.444582462,19.56010437,16.48198128,19.18159676
2009/06,219.112,85.2,2.258,919.3200073,69.68,80.129997,9.5,3.72,1.18,13.06,18.88316154,14.92860031,28.6051178,7.311653614,20.02370834,16.20108795,18.3112793
2009/07,219.263,85.4,2.6165,987.4799805,64.09,78.349998,9.5,3.56,1.02,11.73,20.67493439,15.9221077,30.13508797,7.960219383,21.21096992,17.61757278,20.66760826
2009/08,219.496,85.5,2.808,1020.619995,71.06,78.169998,9.6,3.59,1.12,11.47,21.40309334,16.11691284,30.46250534,8.994250298,21.78177452,18.45861626,21.157341
2009/09,219.92,85.6,2.715,1057.079956,69.46,76.650002,9.8,3.4,0.96,10.21,22.54791641,16.65053368,32.24224854,9.169429779,21.91576958,19.53546524,22.05053329
2009/10,220.501,85.6,2.9475,1036.189941,75.82,76.300003,10,3.39,0.95,9.95,22.01437569,16.89250755,33.03752899,8.623193741,21.45711899,18.75671005,20.91023445
2009/11,220.666,85.9,3.1485,1095.630005,78.08,74.879997,9.9,3.4,0.8,9.72,23.49185371,17.51380157,33.97633362,8.997578621,23.45225143,20.40320587,23.16233063
2009/12,220.881,86,3.3275,1115.099976,74.3,77.860001,9.9,3.59,0.87,9.08,24.56934357,17.47501373,34.27548599,8.870816231,23.88155174,20.74478531,23.64154243
2010/01,220.633,86.1,3.046,1073.869995,78.22,79.459999,9.8,3.73,0.93,8.94,23.8595829,17.29675865,32.76644135,8.735290527,24.04296303,20.43872452,21.59915352
2010/02,220.731,86.3,3.2685,1104.48999,76.42,80.360001,9.8,3.69,0.86,9.08,25.18832779,17.84471512,33.75242615,9.043300629,24.13519859,21.52859306,22.57377052
2010/03,220.783,86.7,3.546,1169.430054,81.24,81.07,9.9,3.73,0.96,8.48,27.15473557,18.51699448,34.70320511,9.848052979,24.77898216,23.40006256,24.36074829
2010/04,220.822,87.2,3.3375,1186.689941,84.48,81.870003,9.9,3.85,1.06,8.13,28.79196548,18.31810379,36.14514542,9.977714539,23.81497002,24.39629173,24.41101456
2010/05,220.962,87.8,3.097,1089.410034,73.84,86.589996,9.6,3.42,0.83,9.21,26.76610184,17.46948814,32.00634003,9.063918114,22.26483727,22.1716404,22.08410454
2010/06,221.194,88,2.936,1030.709961,75.35,86.019997,9.4,3.2,0.72,9.02,24.16465187,17.02726173,30.10980988,8.544672012,21.85865974,20.64728737,20.46487427
2010/07,221.363,88.2,3.307,1101.599976,76.37,81.540001,9.4,3.01,0.62,8.33,26.08089638,18.01551247,32.63107681,9.101529121,22.14545822,22.80008888,23.0906105
2010/08,221.509,88.4,3.361,1049.329956,76.82,83.199997,9.5,2.7,0.52,8.42,25.0439682,17.68165207,31.03104019,8.389987946,21.781147,21.21936035,22.39089775
2010/09,221.711,88.4,3.646,1141.199951,75.31,78.720001,9.5,2.65,0.48,7.78,27.80420303,18.74924088,34.13277054,8.898734093,23.7552433,23.66527939,24.12729263
2010/10,221.83,88.6,3.732,1183.26001,81.9,77.269997,9.4,2.54,0.38,7.43,29.34378815,19.34777069,36.06894302,9.028959274,24.28504562,24.34618187,25.61408806
2010/11,222.149,88.7,3.823,1180.550049,84.14,81.199997,9.8,2.76,0.45,7.93,30.08444977,19.04514503,38.18169785,8.96695137,23.58384132,24.67150688,25.90114212
2010/12,222.343,89.1,4.4395,1257.640015,89.04,79.029999,9.3,3.29,0.62,7.6,31.31667328,19.88306046,41.73964691,9.926794052,24.6694603,26.5161171,28.50104904
2011/01,222.803,89.7,4.3655,1286.119995,89.42,77.739998,9.1,3.39,0.61,7.24,31.12413216,19.59135437,44.73632431,10.20686054,24.81042671,27.5579071,28.52331161
2011/02,223.213,89.6,4.478,1327.219971,89.58,76.889999,9,3.58,0.77,7.09,32.99091339,20.16119003,48.03269958,10.48692417,25.58575058,28.14343452,29.28017044
2011/03,223.454,89.9,4.3,1325.829956,102.94,75.860001,9,3.41,0.7,7.17,32.79908371,20.41237831,48.93688202,10.22732735,26.04848099,28.77114296,29.79376602
2011/04,223.727,89.8,4.1655,1363.609985,110.04,72.93,9.1,3.46,0.73,6.96,34.05898285,21.50395203,49.38483429,10.22109604,27.72421837,29.55782318,30.42657471
2011/05,224.175,89.7,4.1735,1345.199951,101.33,74.639999,9,3.17,0.56,7.03,33.96657562,22.04291534,47.31690598,9.884134293,28.40865326,28.74058723,29.59276772
2011/06,224.697,90.1,4.272,1320.640015,96.29,74.300003,9.1,3,0.41,7.44,33.89264679,21.45550919,46.40739822,9.612772942,28.08934212,28.58374596,29.47383308
2011/07,225.218,90.5,4.474,1292.280029,97.19,73.900002,9,3,0.41,7.25,33.42062759,21.18070793,47.0848999,9.268342018,26.97462273,26.61880493,28.4556942
2011/08,225.862,90.7,4.187,1218.890015,86.33,74.129997,9,2.3,0.23,8.51,31.66742325,21.22193336,42.2747879,8.379083633,26.40540314,24.86878395,26.45682526
2011/09,226.118,90.6,3.145,1131.420044,85.61,78.550003,9,1.98,0.21,9.54,29.48387337,20.52253723,36.17730331,7.424616814,25.22032166,22.55349159,22.09687805
2011/10,226.506,91,3.629,1253.300049,86.41,76.169998,8.8,2.15,0.28,8.29,33.00231552,21.47739983,43.10234833,8.487077713,26.67488098,25.7952652,25.92770767
2011/11,226.899,91,3.563,1246.959961,97.21,78.389999,8.6,2.01,0.25,8.94,32.76550674,22.07246017,43.81960297,8.053293228,26.92924118,26.15804291,25.98039246
2011/12,227.405,91.5,3.4315,1257.599976,98.57,80.169998,8.5,1.98,0.26,8.29,33.19389343,22.68393135,42.92466354,8.22508812,27.72770309,26.2245388,25.38821602
2012/01,227.877,92,3.7875,1312.410034,100.24,79.279999,8.3,1.97,0.24,7.57,35.15047073,22.36276817,43.89331818,8.895745277,28.61491966,28.14379692,28.17713928
2012/02,228.034,92.4,3.8705,1365.680054,102.25,78.730003,8.3,1.97,0.28,7.09,36.74126816,23.2005806,46.4949913,9.338635445,28.91864967,28.92857361,28.01799774
2012/03,228.478,92.5,3.824,1408.469971,106.19,78.93,8.2,2.17,0.34,7.29,38.47567749,23.92000008,44.72357559,10.02856159,30.21336555,29.21177483,28.12467575
2012/04,228.905,92.8,3.8335,1397.910034,103.33,78.790001,8.2,2.05,0.29,7.11,38.91939545,23.99019814,44.40568542,9.793715477,30.13302612,28.89172173,27.89645004
2012/05,229.224,92.9,3.3625,1310.329956,94.7,83.040001,8.2,1.8,0.29,7.85,36.77760315,23.70944023,39.66217041,8.892413139,29.04048538,27.06500626,25.72833633
2012/06,229.623,92.9,3.49,1362.160034,82.41,81.650002,8.2,1.62,0.29,7.4,37.4899025,24.57234383,41.56990814,9.336966515,30.69928169,27.97742271,26.99212646
2012/07,229.97,92.8,3.415,1379.319946,87.93,82.639999,8.2,1.53,0.25,6.98,37.28439713,25.18011856,43.62429428,9.349723816,31.0062027,28.08722687,26.6479435
2012/08,230.233,92.7,3.454,1406.579956,94.16,81.25,8.1,1.68,0.27,6.82,39.00559998,25.05997467,44.80179977,9.668610573,31.36964417,28.51861191,27.26747131
2012/09,230.659,93,3.748,1440.670044,94.72,79.940002,7.8,1.72,0.26,6.62,40.20727158,25.50020027,46.19776917,9.984162331,32.56447983,28.83739853,28.29448891
2012/10,231.024,93.3,3.527,1412.160034,89.57,79.919998,7.8,1.75,0.28,6.59,39.58857346,25.1870575,45.26034546,10.18269539,32.49144363,28.80583,27.70247078
2012/11,231.33,94.1,3.5885,1416.180054,86.66,80.150002,7.7,1.65,0.27,6.53,40.84315872,25.64966011,44.70670319,10.09303856,32.66190338,29.31105423,28.21759987
2012/12,231.725,95.1,3.5775,1426.189941,88.25,79.769997,7.9,1.72,0.26,6.31,41.02731323,25.11701202,45.16215515,10.56228065,32.54450989,30.13838577,29.11859703
2013/01,232.229,93.4,3.7235,1498.109985,94.69,79.209999,8,1.91,0.27,6.09,43.35370255,26.5347805,48.91193771,11.2002697,35.01716614,31.87194443,30.26660347
2013/02,232.569,93.6,3.5275,1514.680054,95.32,81.980003,7.7,1.98,0.27,6.03,44.0455513,27.41279221,49.12696838,11.33560085,35.45783615,32.57966995,29.85549927
2013/03,232.794,93.7,3.402,1569.189941,93.05,82.989998,7.5,1.96,0.26,5.91,45.97293472,28.76328278,50.37611008,11.77471733,37.66028214,33.35200119,30.51588631
2013/04,232.832,93.8,3.1875,1597.569946,92.07,81.730003,7.6,1.76,0.23,5.48,47.36946869,29.609478,49.71550369,12.09155273,38.79131699,33.10440445,30.80406761
2013/05,232.996,94.2,3.289,1630.73999,94.8,83.379997,7.5,1.93,0.25,5.93,48.67925644,28.96577835,51.13196564,12.82868862,39.43058777,34.76562119,31.3882122
2013/06,233.35,94.2,3.0505,1606.280029,95.8,83.169998,7.5,2.3,0.33,6.82,49.0788765,28.87822151,49.97293854,12.62720299,39.19745636,34.22880936,30.09811211
2013/07,233.88,94.1,3.1185,1685.72998,104.61,81.449997,7.3,2.58,0.34,6.34,51.66335678,30.13031197,52.60241318,13.30238724,42.00491714,36.25172806,31.76979065
2013/08,234.336,94.4,3.225,1632.969971,106.57,82.089996,7.2,2.74,0.36,6.56,50.19272614,28.76174927,52.05993652,12.62071228,40.52297592,35.3526535,31.73056221
2013/09,234.7,94.7,3.321,1681.550049,106.29,80.220001,7.2,2.81,0.4,6.47,52.91464615,29.1560936,53.16059113,12.97681808,41.82269669,37.42676544,33.13572693
2013/10,234.921,94.8,3.2945,1756.540039,100.54,80.199997,7.2,2.62,0.34,5.93,55.34088898,31.02412415,55.39191818,13.40699005,43.62492371,39.20899582,34.52394104
2013/11,235.359,95.2,3.2305,1805.810059,93.86,80.68,6.9,2.72,0.3,5.93,57.25218582,31.50761986,55.42396545,14.00010395,45.6833992,40.6444664,34.97352982
2013/12,235.759,95.3,3.4205,1848.359985,97.63,80.040001,6.7,2.9,0.34,5.93,58.55936813,31.72499847,57.01557541,14.31476974,46.0209465,42.35907364,36.68593979
2014/01,235.961,95.3,3.2205,1782.589966,94.62,81.269997,6.6,2.86,0.39,5.91,55.04563904,30.08632851,53.71099472,13.790905,46.45261002,40.55156708,34.95562744
2014/02,236.185,95.8,3.2385,1859.449951,100.82,79.779999,6.7,2.71,0.33,5.51,58.56812286,31.25996971,56.46157837,14.21000195,49.34136581,42.19697189,37.36854935
2014/03,236.625,96.3,3.0465,1872.339966,100.8,80.099998,6.7,2.72,0.4,5.63,56.88893509,31.94548225,57.65201187,14.68330574,48.72075272,42.60061264,37.6771965
2014/04,237.072,96.5,3.0295,1883.949951,102.07,79.489998,6.2,2.71,0.42,5.53,56.11542892,32.82090759,60.68157196,14.43354893,48.41254044,43.17045593,37.98796082
2014/05,237.529,96.7,3.136,1923.569946,102.18,80.370003,6.3,2.56,0.39,5.33,57.73279953,33.41442871,61.69787979,14.6504488,49.80360794,44.00081635,39.11158371
2014/06,237.837,97,3.188,1960.22998,105.79,79.779999,6.1,2.6,0.45,5.28,58.85202408,33.32980347,65.09952545,15.00537014,50.8602066,44.20978546,39.74304199
2014/07,238.195,97.3,3.223,1930.670044,103.59,81.459999,6.2,2.54,0.51,5.9,58.10250092,32.22428894,62.84282303,14.78761387,50.92709732,42.38610077,38.95044327
2014/08,238.405,97.5,3.135,2003.369995,96.54,82.75,6.1,2.42,0.47,5.55,60.68620682,33.71075821,64.21501923,15.4144907,53.39359283,44.17706299,40.455616
2014/09,238.786,97.7,3.0055,1972.290039,93.21,85.940002,5.9,2.53,0.57,6.26,59.00465775,33.90923691,59.23748016,15.35230923,53.62586212,43.67062378,39.88716507
2014/10,239.191,98,3.061,2018.050049,84.4,86.879997,5.7,2.3,0.45,6.01,60.25216293,35.11196136,57.1456604,15.79624271,56.44517899,45.36321259,38.92999649
2014/11,239.458,98.4,2.86,2067.560059,75.79,88.360001,5.8,2.33,0.53,6.27,63.53462982,37.05886459,52.17762756,16.16728783,58.40865707,46.76002502,39.54130554
2014/12,239.584,98.7,2.8385,2058.899902,59.29,90.269997,5.6,2.21,0.64,6.71,64.10006714,36.71211243,52.06762695,16.46965599,57.58895111,46.74992371,39.32108307
2015/01,239.811,98.9,2.528,1994.98999,47.22,94.800003,5.7,1.88,0.55,6.51,62.18108749,36.35627365,49.6931572,15.32417488,58.33850098,45.08912659,38.60070801
2015/02,240.172,98.9,2.716,2104.5,50.58,95.25,5.5,1.98,0.62,6.01,67.49385834,37.86289597,51.9755249,16.21659088,60.83981323,47.50182343,41.67646408
2015/03,240.755,98.8,2.747,2067.889893,47.82,98.360001,5.4,2.04,0.64,6.28,67.16788483,37.12736893,51.375103,16.11668968,61.2295723,46.29238892,39.63230133
2015/04,241.346,99,2.8865,2085.51001,54.45,94.599998,5.4,1.94,0.54,6.12,67.13222504,36.8455162,54.75244141,16.13005829,60.56238174,46.17619324,40.9647522
2015/05,241.688,98.9,2.7595,2107.389893,59.27,96.910004,5.6,2.2,0.61,6.14,68.01472473,37.16545868,51.91150665,16.44423676,63.29026794,46.3256073,41.11912918
2015/06,242.064,98.9,2.6235,2063.110107,59.82,95.489998,5.3,2.36,0.69,6.73,68.39183044,36.4836998,50.10319138,16.36842537,63.0421524,45.09579849,39.4950943
2015/07,242.565,99.2,2.3675,2103.840088,50.9,97.370003,5.2,2.32,0.67,6.99,71.73630524,38.5608139,46.25010681,16.92567825,64.90658569,45.22925949,37.50360489
2015/08,242.817,99.3,2.338,1972.180054,42.87,95.949997,5.1,2.17,0.7,7.34,67.05049133,36.26142502,44.28358078,15.73060799,59.73709488,42.7851181,35.38969803
2015/09,243.316,99.5,2.3455,1920.030029,45.48,96.349998,5,2.17,0.71,8.09,66.65690613,36.40279007,41.0980835,15.28804207,56.3303833,41.84212112,32.76330185
2015/10,243.768,99.5,2.3135,2079.360107,46.22,96.949997,5,2.07,0.64,7.5,72.67990875,38.47788239,45.68468857,16.24607086,60.67655563,45.51555252,37.16236496
2015/11,244.241,99.4,2.0445,2080.409912,42.44,100.169998,5.1,2.26,0.88,8.13,72.50933838,38.12303162,45.67796707,16.56991386,60.48093414,45.90974045,37.5316925
2015/12,244.547,99.4,2.1255,2043.939941,37.19,98.629997,5,2.24,0.98,8.76,70.44779968,39.23533249,40.87403488,16.17813683,61.52295303,44.72875214,35.90277863
2016/01,244.955,99.6,2.049,1940.23999,31.68,99.610001,4.8,2.09,0.9,9.19,66.79742432,39.44514465,39.44425964,14.7456646,56.77401352,42.18053818,32.05782318
2016/02,245.51,99.7,2.118,1932.22998,30.32,98.209999,4.9,1.78,0.73,9.08,67.09485626,39.56948853,38.33973694,14.31795979,56.56901169,43.9777832,34.5632515
2016/03,245.913,99.6,2.1815,2059.73999,37.55,94.589996,5,1.89,0.88,8.37,71.58849335,41.4444046,42.23732376,15.34300041,58.10058975,47.04457855,37.18073654
2016/04,246.551,99.6,2.279,2065.300049,40.75,93.080002,5.1,1.81,0.77,7.58,71.67900848,40.85079575,46.06591797,15.89535236,59.82357025,47.62978363,39.08085251
2016/05,247.137,99.5,2.0975,2096.949951,46.71,95.889999,4.8,1.81,0.82,7.4,71.71521759,41.13198853,45.63595963,16.19539452,61.1607666,47.4262352,38.94810867
2016/06,247.54,99.8,2.1945,2098.860107,48.76,96.139999,4.9,1.64,0.73,7.32,70.89798737,43.33605194,46.87758636,15.67184258,61.7168045,47.76446533,38.64250946
2016/07,247.829,100,2.2205,2173.600098,44.65,95.529999,4.8,1.5,0.67,6.83,74.13136292,42.98244476,46.2868042,16.21343994,64.72046661,49.49562073,40.60216141
2016/08,248.423,100.2,2.0695,2170.949951,44.72,96.019997,4.9,1.56,0.74,6.37,73.16859436,42.73101044,47.06306076,16.83729362,62.62048721,49.96465302,40.49375534
2016/09,248.842,100.3,2.202,2168.27002,45.18,95.459999,5,1.63,0.77,6.24,72.97350311,42.07057571,48.79885483,16.36554718,62.3013649,50.05765915,40.02354431
2016/10,249.142,100.4,2.2005,2126.149902,49.78,98.449997,4.9,1.76,0.84,6.34,71.20481873,41.74641418,47.42354965,16.73865318,58.19747543,49.05445099,39.18536758
2016/11,249.481,100.5,2.6215,2198.810059,45.66,101.5,4.7,2.14,0.98,6.58,74.623703,39.99115372,51.43886566,19.08748627,59.39842224,53.51315308,41.85918045
2016/12,249.92,100.9,2.4975,2238.830078,51.97,102.389999,4.7,2.49,1.2,6.19,74.6528244,41.18953323,52.32915115,19.80450058,59.82387543,53.67696381,41.93313599
2017/01,250.467,101.1,2.6475,2278.870117,52.5,99.510002,4.7,2.43,1.21,5.96,77.79853058,41.89049911,50.64783478,19.85560417,61.19493103,54.67766953,43.83995438
2017/02,250.998,101.1,2.704,2363.639893,53.47,101.120003,4.6,2.42,1.2,5.68,79.21089172,43.88983536,49.59180069,20.90333557,65.07384491,56.81716156,44.08463287
2017/03,250.944,101.4,2.6465,2362.719971,49.33,100.349998,4.4,2.48,1.31,5.9,80.90119171,43.70431137,48.85487366,20.28540611,64.76107788,56.3821907,44.35877609
2017/04,251.227,101.6,2.5965,2384.199951,51.06,99.050003,4.4,2.3,1.24,5.7,82.84207916,44.18476486,47.41507721,20.11443901,65.75392914,57.49146271,44.91739273
2017/05,251.43,102,2.577,2411.800049,48.48,96.919998,4.4,2.3,1.3,5.57,83.75273895,45.3538475,45.73766327,19.87508392,66.25906372,58.51408005,44.92586136
2017/06,251.746,102.1,2.699,2423.409912,45.18,95.660004,4.3,2.19,1.34,5.71,82.69799805,44.33179855,45.68658829,21.16961288,69.28517914,59.30475235,45.75708771
2017/07,251.985,102.3,2.888,2470.300049,46.63,92.860001,4.3,2.32,1.37,5.51,84.29418182,44.63843918,46.88292694,21.53002357,69.85353088,59.47888184,46.46287155
2017/08,252.535,102.4,3.079,2471.649902,48.04,92.669998,4.4,2.21,1.34,5.63,82.72569275,44.14620972,44.31430054,21.19535828,71.07766724,59.60951233,46.82851791
2017/09,252.812,102.6,2.9375,2519.360107,49.82,93.080002,4.3,2.2,1.38,5.53,83.4072113,43.83056259,48.8265152,22.28331566,71.72541809,62.10383987,48.55978012
2017/10,253.526,103.1,3.092,2575.26001,51.58,94.550003,4.2,2.36,1.55,5.56,85.17575836,43.10789871,48.42011261,22.92096138,71.18133545,62.56742096,50.44062424
2017/11,253.816,103.4,3.037,2647.580078,56.64,93.010002,4.2,2.35,1.7,5.78,89.49054718,45.51136017,49.26859665,23.7137146,73.25244141,65.17401123,50.91937637
2017/12,254.344,103.7,3.2785,2673.610107,57.88,92.120003,4.1,2.4,1.84,5.84,91.69047546,46.53673553,51.86475372,24.16147041,72.84922791,66.54825592,52.00240707
2018/01,255.204,103.4,3.184,2823.810059,63.7,89.129997,4,2.58,2.03,5.8,100.1636047,47.2974968,53.72371674,25.74567986,77.62474823,70.11882782,54.08147812
2018/02,255.711,103.7,3.1075,2713.830078,62.23,90.610001,4.1,2.86,2.18,6.13,96.68886566,43.69005585,47.90275192,24.99253464,74.13562012,67.41012573,51.22920609
2018/03,256.271,103.9,3.019,2640.870117,62.73,89.970001,4,2.84,2.28,6.3,94.38310242,43.29381943,48.7281456,23.95401192,71.97338867,65.59793854,49.10507202
2018/04,256.63,104.2,3.0525,2648.050049,66.25,91.839996,4,2.87,2.38,6.25,96.62877655,41.5005455,53.35445786,23.8497467,72.73379517,63.77012253,49.16543961
2018/05,257.145,104.3,3.058,2705.27002,69.98,93.989998,3.8,2.98,2.51,6.31,98.54829407,40.85069275,54.95196915,23.61515999,72.86640167,65.73039246,50.17444229
2018/06,257.399,104.6,2.951,2718.370117,67.87,94.629997,4,2.91,2.53,6.44,102.1144409,42.71717072,55.26494217,23.20262146,74.06820679,63.50279236,50.31270599
2018/07,257.699,104.9,2.819,2816.290039,70.98,94.489998,3.8,2.89,2.61,6.31,103.9549332,44.40827942,56.12368011,24.38936806,78.92268372,68.19259644,51.75094986
2018/08,257.891,105.3,2.645,2901.52002,68.06,95.139999,3.8,2.89,2.64,6.25,109.2615128,44.58237839,54.1733284,24.72096443,82.33945465,68.35217285,51.35240555
2018/09,258.368,105.3,2.787,2913.97998,70.23,95.190002,3.7,3,2.77,6.23,109.8410873,45.02248383,55.4984169,24.17327309,84.77194214,69.84044647,50.43041611
2018/10,258.917,105.3,2.6635,2711.73999,70.75,97.129997,3.8,3.15,2.86,6.82,98.74639893,45.92410278,49.21141434,23.03384781,79.0254364,62.25065613,45.79914093
2018/11,259.439,105.5,2.7775,2760.169922,56.96,97.269997,3.8,3.12,2.86,7.19,101.1921158,46.96765137,48.44203186,23.6386261,85.41339111,64.620224,47.54021072
2018/12,260.063,105.9,2.628,2506.850098,49.52,96.169998,3.9,2.83,2.68,7.89,93.14102173,42.78069305,42.41622925,21.00788879,77.4241333,57.7323494,44.26577377
2019/01,260.766,105.9,2.789,2704.100098,51.38,95.580002,4,2.71,2.54,6.86,102.3318863,44.97954941,47.17187881,22.87761116,81.14723969,64.32930756,46.74542618
2019/02,261.186,106,2.95,2784.48999,54.95,96.160004,3.8,2.68,2.5,6.49,103.677124,45.77990341,48.25910187,23.38913155,82.02428436,68.42549896,48.23497772
2019/03,261.567,106.1,2.936,2834.399902,58.15,97.279999,3.8,2.57,2.41,6.36,107.4668121,47.53006363,49.28610229,22.79051018,82.41959381,67.63896942,48.83932114
2019/04,261.997,105.8,2.9015,2945.830078,63.86,97.480003,3.7,2.53,2.34,6.08,113.3380814,48.88539886,49.27864838,24.83820152,80.18280029,70.32541656,50.55530548
2019/05,262.217,106,2.646,2752.060059,60.83,97.75,3.6,2.4,2.21,6.6,104.719986,47.10651398,43.80738449,23.05644989,78.4041748,64.95252991,46.41936111
2019/06,262.739,106.1,2.7055,2941.76001,54.66,96.129997,3.6,2.07,1.81,5.9,112.9047928,49.56526184,47.92315674,24.59055519,83.57413483,70.0970459,51.7871666
2019/07,263.28,106.1,2.658,2980.379883,57.35,98.519997,3.7,2.06,1.84,5.85,114.3445435,50.72607422,47.16342163,25.16968155,82.22091675,70.45922089,51.64551926
2019/08,263.877,106.6,2.533,2926.459961,54.81,98.919998,3.6,1.63,1.57,5.59,113.2647324,51.82715607,43.23690414,23.98469925,81.73376465,68.59408569,50.18484879
2019/09,264.388,106.6,2.5645,2976.73999,56.95,99.379997,3.5,1.7,1.65,5.65,114.704834,52.73478317,44.93796921,25.07412148,81.64748383,70.65969849,51.78063202
2019/10,264.97,106.3,2.633,3037.560059,53.96,97.349998,3.6,1.71,1.55,5.73,114.8473663,52.51154709,43.99669647,25.70098114,85.83267975,71.46068573,51.77172089
2019/11,265.548,106.7,2.6409,3140.97998,57.03,98.269997,3.6,1.81,1.61,5.7,116.367897,53.2327652,44.70264435,26.99945831,90.12657928,74.67372131,53.41765976
2019/12,266.02,106.5,2.7959,3230.780029,59.88,96.389999,3.6,1.86,1.61,5.33,119.5833588,54.51712799,47.39653397,27.70394897,93.25872803,74.52354431,54.94671631
2020/01,266.698,106.8,2.516,3225.52002,57.52,97.389999,3.6,1.76,1.52,5.43,119.4879913,54.69025803,42.18639374,26.96589088,90.76839447,74.19425964,51.55615997
2020/02,267.402,107.3,2.5423,2954.219971,50.54,98.129997,3.5,1.5,1.33,6.07,110.4396439,50.19765091,35.73685455,23.93268013,84.78984833,66.8489151,47.16363525
2020/03,267.068,104.6,2.2255,2584.590088,29.21,99.050003,4.4,0.87,0.45,9.2,93.96942139,47.42068863,23.45376396,18.89821625,81.4937439,54.39767075,40.56228638
2020/04,265.796,93.2,2.3525,2912.429932,16.55,99.019997,14.8,0.66,0.22,8.04,111.7132339,50.72019577,30.66905594,20.68637466,91.75174713,59.19122696,46.72227097
2020/05,265.461,96,2.4265,3044.310059,28.56,98.339996,13.2,0.67,0.17,6.92,118.9851074,51.56466675,31.28243637,21.24914551,94.7693634,62.3807869,49.93735504
2020/06,265.839,100,2.7125,3100.290039,38.31,97.389999,11,0.73,0.19,6.81,122.6425858,51.44884491,30.93973351,21.1380558,92.4545517,63.6114502,51.02671814
2020/07,267.373,101.8,2.8495,3271.120117,40.71,93.489998,10.2,0.62,0.15,5.45,131.5639648,55.010952,29.45200729,21.95105743,97.4990387,66.41701508,54.65790176
2020/08,268.39,102.8,3.0285,3500.310059,42.34,92.139999,8.4,0.65,0.14,5.38,144.1345825,57.53776932,29.14138603,22.89194679,100.0212784,72.04668427,57.03944778
2020/09,268.9,103.4,3.017,3363,39.63,93.889999,7.8,0.68,0.13,5.77,141.4487915,56.57414246,24.88480186,22.10853386,97.84037018,71.55518341,57.89938354
2020/10,269.28,104.2,3.0525,3269.959961,39.4,94.040001,6.8,0.79,0.15,5.79,137.5897064,54.95018005,23.8628273,21.9156456,94.29705048,70.52341461,57.48088455
2020/11,269.967,104.2,3.438,3621.629883,40.94,91.870003,6.7,0.87,0.17,4.79,151.3419342,59.05422974,30.54308701,25.6080513,101.7918015,81.82647705,64.58637238
2020/12,270.34,104.5,3.519,3756.070068,47.02,89.940002,6.7,0.93,0.14,4.34,155.0162506,60.02922821,31.91146088,27.22290611,105.657692,82.65034485,66.18916321
2021/01,270.422,105,3.556,3714.23999,52,90.580002,6.4,1.08,0.13,4.41,156.2021942,57.03888321,33.10708237,26.73348999,107.1386261,79.12217712,64.58907318
2021/02,270.813,104,4.0945,3811.149902,59.04,90.93,6.2,1.26,0.12,4.46,155.3729706,56.33581543,40.54186249,29.83623695,104.8846359,84.57309723,67.24980164
2021/03,271.461,105.5,4.003,3972.889893,62.33,93.230003,6.1,1.61,0.15,4.42,162.3023682,61.12334442,41.74636078,31.58237076,109.1086807,92.17358398,72.35437012
2021/04,273.665,105.7,4.479,4181.169922,61.72,91.279999,6.1,1.64,0.16,4.28,172.780014,62.25973892,42.02716064,33.63221359,113.3986282,95.43170166,76.24752808
2021/05,275.494,105.8,4.676,4204.109863,65.17,89.839996,5.8,1.62,0.16,4.29,166.9086304,63.36033249,44.42676544,35.23684311,115.5202255,98.41835022,80.12234497
2021/06,277.585,106.2,4.2965,4297.5,71.38,92.440002,5.9,1.52,0.2,4.01,172.6784668,63.01538467,46.3077774,34.16585922,118.175972,96.1749115,75.90534973
2021/07,278.612,106.6,4.4805,4395.259766,72.49,92.169998,5.4,1.32,0.22,4.12,174.4966583,64.40231323,42.45667267,34.0075531,123.9932861,97.07656097,77.48227692
2021/08,278.993,106.7,4.36,4522.680176,67.73,92.629997,5.1,1.28,0.22,4.07,177.610733,65.07775116,41.60564804,35.75821686,126.8644104,98.15665436,78.94857788
2021/09,279.71,106.7,4.09,4307.540039,71.65,94.25,4.7,1.37,0.24,4.21,173.8085175,62.38409042,45.32165146,35.09936905,119.863533,92.18891907,73.27328491
2021/10,281.623,107.4,4.368,4605.379883,81.48,94.120003,4.5,1.58,0.39,4.36,194.8262939,64.56807709,50.00260925,37.652565,126.0026474,98.45482635,78.83985901
2021/11,283.393,107.8,4.278,4567,79.15,95.989998,4.1,1.56,0.51,4.82,198.0128632,63.69810486,47.49682236,35.50151443,122.1515884,94.94966888,78.40454102
2021/12,285.221,107.7,4.4635,4766.180176,71.71,95.669998,3.9,1.47,0.68,4.35,198.3093872,70.3575592,48.91383362,36.69589615,133.1694489,100.0746994,84.35012817
2022/01,286.811,108.1,4.3245,4515.549805,83.22,96.540001,4,1.76,0.98,5.22,179.4038239,69.31735992,58.09729004,36.70529938,124.0388107,95.2795105,78.61568451
2022/02,288.287,108.3,4.4445,4373.939941,91.64,96.709999,3.8,1.93,1.44,5.5,172.1093597,68.34107208,62.2042923,36.19784927,122.8384018,94.47557831,77.61960602
2022/03,289.041,108.2,4.751,4530.410156,108.5,98.309998,3.6,2.13,1.91,5.79,179.7280273,69.55847931,68.01329041,36.15079498,129.8870697,97.72212219,82.36907196
2022/04,290.515,108.4,4.4035,4131.930176,101.78,102.959999,3.7,2.75,2.54,6.84,158.2383728,71.16246033,66.8655014,32.55646896,123.5344772,90.28240204,79.45368195
2022/05,292.072,108.3,4.296,4132.149902,109.55,101.75,3.6,2.9,2.62,7,150.1360931,68.25694275,77.58712769,33.46213531,125.3738785,89.86486816,80.38809967
2022/06,293.972,108.1,3.7125,3785.379883,114.84,104.690002,3.6,3.14,3,8.88,133.871048,66.65479279,64.34031677,29.82784843,122.1040802,83.24453735,69.24929047
2022/07,295.055,108.7,3.584,4130.290039,101.62,105.900002,3.5,2.9,3.04,7.56,158.5556183,68.7879715,70.55751038,31.97128487,126.0650482,91.15533447,73.51150513
2022/08,296.569,109.1,3.519,3955,93.67,108.699997,3.6,2.9,3.25,8.34,151.4277496,67.51359558,72.42896271,31.34532547,118.7906036,88.57242584,70.95230865
2022/09,298.284,109.3,3.43,3585.620117,84.26,112.120003,3.5,3.52,3.86,9.5,139.0010071,62.0228157,65.50566864,28.94554329,115.7748642,79.33347321,64.35165405
2022/10,299.351,109.4,3.375,3871.97998,87.55,111.529999,3.6,3.98,4.38,8.92,140.5427704,67.60887146,81.85936737,32.39688873,126.902092,90.35629272,70.09514618
2022/11,300.292,109.3,3.7385,4080.110107,84.37,105.949997,3.6,3.89,4.5,8.46,142.6309662,71.74497223,82.9053421,34.61833572,132.8958893,97.4143219,78.29878235
2022/12,301.423,109.3,3.81,3839.5,76.44,103.519997,3.5,3.62,4.29,8.87,126.3782272,69.78808594,80.37760162,32.81109238,130.4004974,94.5018158,73.97766876
2023/01,302.709,109.7,4.2285,4076.600098,78.12,102.099998,3.4,3.53,4.21,8.02,145.4973755,69.0298233,82.63813782,35.07526016,128.0104065,98.00437164,80.61546326
2023/02,304.124,109.7,4.0935,3970.149902,76.83,104.870003,3.6,3.75,4.53,8.51,142.4054413,67.42904663,76.90410614,34.26937485,122.0686722,97.1576004,77.92986298
2023/03,305.112,109.7,4.0876,4109.310059,73.28,102.510002,3.5,3.66,4.3,8.31,146.7657776,70.27407074,76.9081955,30.99743843,124.7515411,97.75912476,77.1497345
2023/04,306.539,109.8,3.87,4169.47998,79.45,101.669998,3.4,3.46,4.02,8.19,145.1169891,72.84197998,79.04375458,31.98086357,128.6735077,96.61901855,77.04451752
2023/05,307.646,110.1,3.637,4179.830078,71.58,104.32,3.7,3.57,4.13,8.64,148.7974091,68.35518646,71.11431885,30.621418,123.1808014,93.57551575,71.75517273
2023/06,308.245,110.5,3.7515,4450.379883,70.25,102.910004,3.6,3.75,4.64,8.35,166.9949493,70.26107788,76.03071594,32.6473465,128.4291077,104.1061783,79.6523056
2023/07,308.945,111,4.008,4588.959961,76.07,101.860001,3.5,3.9,4.83,8.14,170.8598175,71.75780487,81.94120026,34.21627808,129.8030853,107.1133423,82.39165497
2023/08,309.656,111.1,3.794,4507.660156,81.39,103.620003,3.8,4.17,4.9,8.27,167.8800507,68.92539215,83.29001617,33.2962265,128.8935547,104.9889221,79.67153931
2023/09,310.644,111.3,3.7315,4288.049805,89.43,106.169998,3.8,4.38,5.02,8.8,158.5929413,65.62531281,85.29172516,32.26795959,125.0793381,98.74466705,75.86400604
2023/10,311.39,111.3,3.6415,4567.8,85.64,106.660004,3.8,4.8,5.07,9.38,149.8446045,64.71927643,80.38503265,31.47999191,120.998764,95.80317688,73.45915222
2023/11,312.349,111.5,3.7229,4668.815,77.69,103.5,3.7,4.5,4.88,8.3,166.2772827,67.38969421,79.80944824,34.92372894,127.5762711,104.2672958,79.59201813
2023/12,313.209,111.7,3.828,4769.83,71.9,101.330002,3.7,4.02,4.46,7.39,176.4736633,69.2170639,79.87103271,36.75857925,133.0953369,111.6343307,83.19225311
2024/01,314.438,111.6,3.9068,4845.65,74.15,103.269997,3.7,4.06,4.32,7.59,168.6867523,70.0723114,79.46139526,37.8926239,136.9990082,110.5570755,79.95365906
2024/02,315.565,111.7,3.8348,5096.27,77.25,104.160004,3.9,4.21,4.54,7.68,182.0004883,71.54255676,82.06214905,39.43727112,141.3320923,118.4994812,85.15681458
2024/03,316.698,112,4.0142,5248.49,81.28,104.35,3.8,4.21,4.59,7.5,181.8825989,73.91819,90.66750336,41.33246613,144.6925812,123.7382126,90.66504669
2024/04,317.622,112.3,4.5645,5035.6899,85.35,106.22,3.9,4.54,4.87,7.99,173.7028961,73.08569336,89.81278229,39.60537338,137.4447327,119.3765182,86.50708008
2024/05,318.14,112.4,4.4114,5277.5098,80.12,104.67,4,4.48,4.86,7.81,174.0490723,74.86684418,89.50545502,40.86144638,140.7454376,121.3314285,89.3376236
2024/06,318.346,112.6,4.3915,5460.48,79.77,105.87,4.1,4.31,4.74,7.67,180.7969818,74.69083405,88.23969269,40.50108719,143.3126373,120.1316299,86.60536194
2024/07,318.872,112.5,4.1765,5522.2998,81.8,104.1,4.3,4.25,4.5,7.3,185.8422546,75.92949677,90.23391724,43.09212875,147.1277771,126.0361938,90.36142731
2024/08,319.768,112.7,4.145,5648.3999,76.68,101.7,4.2,3.87,3.97,7,185.4754944,80.47454071,88.36554718,45.06250763,154.5711823,129.5848389,92.46011353
2024/09,320.767,112.9,4.496,5762.48,70.24,100.78,4.1,3.72,3.62,6.66,199.0188599,81.38263702,85.69858551,44.8106575,152.0092163,133.9415283,94.94145966
2024/10,321.666,112.8,4.3135,5705.4502,71.99,103.98,4.1,4.1,3.97,7.06,195.5623474,78.5587616,86.46966553,45.95761871,144.9525604,132.3493652,91.99608612
2024/11,322.657,113,4.0805,6032.3799,69.95,105.74,4.2,4.36,4.26,6.88,220.8009796,81.59835815,93.24357605,50.76299667,145.4855042,142.3969421,93.36534119
2024/12,323.383,114.1,3.986,5881.6299,70.12,108.49,4.1,4.39,4.23,7.3,223.2594757,77.66304016,84.31123352,47.99062347,136.3887177,130.9579163,83.31640625
2025/01,324.739,114.3,4.262,6040.5298,75.74,108.37,4,4.63,4.27,6.98,231.0414581,78.02857971,86.26005554,51.1085701,145.6088409,137.5078125,87.92089081
2025/02,325.475,114.7,4.5145,5954.5,71.53,107.61,4.1,4.45,4.21,6.92,214.9102631,82.07919312,89.5671463,51.81358719,147.6511536,135.5001068,87.89118958
2025/03,325.659,114.4,5.0381,5611.8501,68.24,104.21,4.2,4.28,3.97,7.53,197.0410614,81.11357117,92.69593048,49.63988113,145.3162842,130.6723022,85.54423523
2025/04,326.43,114.8,4.5746,5569.0601,63.54,99.47,4.2,4.28,3.78,7.69,196.8414764,81.27248383,79.85042572,48.5934639,139.8026123,130.8218384,83.46482086
2025/05,326.854,115.1,4.6742,5911.6899,62.17,99.33,4.2,4.42,3.92,7.31,213.3463898,82.26567078,80.87211609,50.78594971,132.0098114,142.3866425,85.90240479
2025/06,327.6,114.7,5.0561,6204.9502,68.17,96.88,4.1,4.38,3.89,6.8,217.3300018,80.97000122,84.80999756,52.36999893,134.7899933,147.5200043,87.80999756
2025/07,328.656,114.8,4.4034,6339.3901,68.39,100.03,4.2,4.39,3.88,6.86,221.4299927,79.77999878,87.20999908,52.36999893,130.4299927,152.0099945,87.73000336
2025/08,329.970624,115,4.5142,6460.26,64.86,97.81,4.3,4.26,3.7,6.58,231.7400055,80.77999878,90.38999939,53.99000168,137.4299927,152.0099945,92.27999878
2025/09,331.2905065,115,4.5142,6664.36,62.36,97.65,4.1,4.003,3.58,6.51,240.4799957,79.54000092,89.70999908,54.13000107,137.4700012,152.75,90.87000275
