t,CPI_U_All_Items_Less_Food_Energy,Coincident_Index,Copper_ETF,SnP500_ETF,Spot_Oil_Price_West_Texas_Intermediate,US_Dollar_Index,Unemployment_Rate,X10_Year_Treasury_Note_Yield,X2_Year_Treasury_Note_Yield,High_Yield_Effective_Yield,Term,Risk P,XLY,XLP,XLE,XLF,XLV,XLI,XLB,XLK,XLU
12/1/98,175.4,80.1,0.6635,1229.22998,11.28,94.169998,4.4,4.65,4.51,10.29,1.031042129,2.212903226,0.01577762,0.011982086,0.0096657,0.009271346,0.014440491,0.012553839,0.009983838,0.019862469,0.009892309
1/1/99,175.6,80.3,0.6415,1279.640015,12.47,96.080002,4.3,4.72,4.62,10.49,1.021645022,2.222457627,0.015935634,0.01135774,0.008675877,0.009060485,0.014538535,0.011928879,0.009235083,0.022113798,0.009266892
2/1/99,175.6,80.8,0.6235,1238.329956,12.01,98.68,4.4,5,4.88,10.52,1.024590164,2.104,0.016364204,0.011613446,0.008888234,0.009509992,0.015040758,0.012437797,0.009691499,0.020585242,0.009312143
3/1/99,175.7,80.8,0.622,1286.369995,14.66,100.099998,4.2,5.23,5.05,10.67,1.035643564,2.040152964,0.016519427,0.01116648,0.009765914,0.009451552,0.014860511,0.012224799,0.009497393,0.021289081,0.008398842
4/1/99,176.3,80.9,0.7165,1335.180054,17.34,101,4.3,5.18,4.98,10.34,1.040160643,1.996138996,0.016332969,0.010383125,0.010801712,0.009745056,0.014828591,0.013549017,0.011411457,0.020633422,0.008873509
5/1/99,176.5,81.2,0.624,1301.839966,17.75,102.510002,4.2,5.54,5.25,10.22,1.055238095,1.844765343,0.015993087,0.010538175,0.010839242,0.009391903,0.014741291,0.013623538,0.010638509,0.021233702,0.009207652
6/1/99,176.6,81.4,0.7595,1372.709961,17.89,102.849998,4.3,5.9,5.62,10.72,1.049822064,1.816949153,0.016144994,0.010170605,0.010489486,0.00929346,0.014594146,0.013712853,0.010672308,0.022071123,0.009091848
7/1/99,177.1,81.7,0.758,1328.719971,20.07,99.75,4.3,5.79,5.55,10.8,1.043243243,1.865284974,0.015436856,0.010116023,0.011042028,0.009014721,0.014627726,0.013647102,0.010899741,0.022537831,0.009421589
8/1/99,177.3,82,0.777,1320.410034,21.26,99.949997,4.2,5.94,5.68,10.97,1.045774648,1.846801347,0.014935195,0.010353977,0.011233022,0.008672264,0.014057313,0.013845065,0.010474929,0.023476692,0.009027809
9/1/99,177.8,81.9,0.8175,1282.709961,23.88,98.540001,4.2,5.92,5.66,11.21,1.045936396,1.893581081,0.015151002,0.009696793,0.011031372,0.008461056,0.014270879,0.014178481,0.010444627,0.024066419,0.009529494
10/1/99,178.1,82.5,0.803,1362.930054,22.64,99.059998,4.1,6.11,5.86,11.3,1.042662116,1.849427169,0.015523686,0.009959682,0.010228364,0.00920025,0.014111855,0.01305387,0.010063148,0.023336253,0.00901565
11/1/99,178.4,82.9,0.8,1388.910034,24.97,101.989998,4.1,6.03,5.86,11.29,1.029010239,1.872305141,0.01524169,0.009804138,0.010019631,0.00863083,0.014009177,0.012525036,0.009735025,0.025147624,0.008556116
12/1/99,178.7,83.4,0.8525,1469.25,26.08,101.870003,4,6.28,6.1,11.25,1.029508197,1.791401274,0.015775303,0.008595356,0.009538193,0.007963692,0.014437994,0.01279885,0.010267554,0.027442009,0.00791142
1/1/00,179.3,83.8,0.844,1394.459961,27.18,105.129997,4,6.66,6.44,11.49,1.034161491,1.725225225,0.014556258,0.009136232,0.010130897,0.008142566,0.014827629,0.012382284,0.009495378,0.027136082,0.00818763
2/1/00,179.4,83.8,0.787,1366.420044,29.35,105.919998,4.1,6.52,6.61,11.59,0.986384266,1.777607362,0.014027316,0.00823271,0.00990111,0.00742014,0.014142483,0.011939199,0.008716668,0.03060255,0.007340118
3/1/00,180,84.2,0.8,1498.579956,29.89,105.440002,4,6.26,6.53,12.14,0.958652374,1.939297125,0.014600287,0.007788867,0.010151219,0.008001352,0.014055181,0.012401722,0.008749831,0.030244628,0.007423894
4/1/00,180.3,84.6,0.79,1452.430054,25.74,110.139999,3.8,5.99,6.4,12.11,0.9359375,2.021702838,0.014750527,0.008462428,0.010317442,0.008335322,0.014331859,0.012980623,0.008727945,0.028339473,0.008161183
5/1/00,180.7,84.6,0.811,1420.599976,28.78,108.739998,4,6.44,6.81,12.57,0.945668135,1.951863354,0.014266956,0.009269175,0.011787274,0.008712313,0.014260216,0.013215472,0.008641906,0.025961765,0.008325733
6/1/00,181.1,84.8,0.8155,1454.599976,31.83,106.839996,4,6.1,6.48,12.6,0.941358025,2.06557377,0.013179651,0.009565002,0.010878429,0.008095986,0.013956407,0.01239894,0.007718199,0.027879167,0.007854931
7/1/00,181.5,84.9,0.871,1430.829956,29.77,109.57,4,6.05,6.34,12.4,0.954258675,2.049586777,0.013611272,0.009368662,0.010637736,0.008956066,0.013978283,0.012799912,0.007915082,0.026838574,0.008109056
8/1/00,181.9,85,0.885,1517.680054,31.22,112.599998,4.1,5.83,6.23,12.45,0.935794543,2.135506003,0.012300253,0.008724683,0.011124228,0.009301175,0.013644985,0.013262361,0.007632804,0.027876142,0.007942864
9/1/00,182.3,85.3,0.9155,1436.51001,33.88,113.25,3.9,5.8,6.08,12.33,0.953947368,2.125862069,0.013011192,0.009625974,0.011946035,0.010040367,0.013893134,0.013604818,0.007273552,0.024160148,0.009500581
10/1/00,182.6,85.2,0.8425,1429.400024,33.08,116.650002,3.9,5.74,5.91,13.26,0.971235195,2.31010453,0.012911752,0.010345402,0.011679128,0.010003322,0.014172423,0.01398005,0.007950822,0.022889598,0.010102409
11/1/00,183.1,85.2,0.841,1314.949951,34.4,115.239998,3.9,5.72,5.88,13.67,0.972789116,2.38986014,0.013687568,0.011633855,0.012029752,0.010318471,0.014002462,0.014680149,0.008424212,0.01977744,0.010976675
12/1/00,183.3,85.2,0.8465,1320.280029,28.46,109.559998,3.9,5.24,5.35,14.5,0.979439252,2.767175573,0.014592986,0.01200837,0.013204403,0.011153709,0.01417604,0.0151985,0.009572289,0.017749089,0.010783178
1/1/01,183.9,85.2,0.8485,1366.01001,29.58,110.519997,4.2,5.16,4.76,13.43,1.084033613,2.602713178,0.015744631,0.010760143,0.012355696,0.01075474,0.014691994,0.014746105,0.009004854,0.020435218,0.009835719
2/1/01,184.4,85.2,0.81,1239.939941,29.61,112.010002,4.2,5.1,4.66,12.63,1.094420601,2.476470588,0.016106935,0.011925803,0.013446729,0.011051093,0.015875596,0.015271819,0.010048881,0.016905845,0.011060642
3/1/01,184.7,85,0.7585,1160.329956,27.24,117.370003,4.3,4.89,4.34,12.5,1.126728111,2.556237219,0.016961033,0.011860143,0.013940629,0.01145559,0.015878556,0.014756691,0.01020055,0.015995376,0.011650073
4/1/01,185.1,84.7,0.7665,1249.459961,27.41,115.849998,4.4,5.14,4.23,13.34,1.215130024,2.595330739,0.01648162,0.011227958,0.014282962,0.011023221,0.015834476,0.01527079,0.010483276,0.017256199,0.01134112
5/1/01,185.3,84.6,0.752,1255.819946,28.64,119.07,4.3,5.39,4.26,12.98,1.265258216,2.408163265,0.016788584,0.011335119,0.014076368,0.011449965,0.016356013,0.015829286,0.01083135,0.016465613,0.011362804
6/1/01,186,84.2,0.7045,1224.380005,27.6,119.43,4.5,5.28,4.08,12.73,1.294117647,2.410984848,0.017084091,0.011088436,0.013122095,0.011659925,0.01658649,0.015232584,0.010726061,0.017218488,0.011069814
7/1/01,186.4,84.2,0.678,1211.22998,26.45,117.18,4.6,5.24,4.04,13.21,1.297029703,2.520992366,0.018037242,0.011550023,0.013111587,0.011674463,0.016431811,0.015365992,0.010813019,0.016200575,0.011089412
8/1/01,186.7,84.2,0.6785,1133.579956,27.47,113.419998,4.9,4.97,3.76,12.74,1.321808511,2.563380282,0.017585593,0.01240032,0.013416651,0.011649352,0.016666174,0.015854959,0.011506446,0.015197688,0.011426814
9/1/01,187.1,83.7,0.646,1040.939941,25.88,113.480003,5,4.73,3.12,14,1.516025641,2.959830867,0.016731614,0.013487621,0.013204651,0.0119713,0.015521515,0.014736194,0.011046311,0.013839783,0.012324822
10/1/01,187.4,83.9,0.622,1059.780029,22.21,114.860001,5.3,4.57,2.73,14.15,1.673992674,3.096280088,0.017299883,0.013163267,0.013492322,0.011591723,0.015323443,0.014731059,0.011143789,0.015076702,0.011468577
11/1/01,188.1,83.6,0.722,1139.449951,19.67,116.129997,5.5,4.65,2.78,13.11,1.672661871,2.819354839,0.018232997,0.012783743,0.011848144,0.011481377,0.015905311,0.015071744,0.011678591,0.016117718,0.01053202
12/1/01,188.4,83.6,0.671,1148.079956,19.33,116.75,5.7,5.09,3.11,12.94,1.636655949,2.542239686,0.018918107,0.01243861,0.012431446,0.011617024,0.016167673,0.015635805,0.011243672,0.015644564,0.010787832
1/1/02,188.7,83.7,0.694,1130.199951,19.67,120.239998,5.7,5.04,3.03,12.69,1.663366337,2.517857143,0.019849025,0.012550821,0.012178795,0.011666202,0.016301565,0.014879721,0.011688156,0.015719905,0.010563635
2/1/02,189.1,83.7,0.714,1106.72998,20.74,119.160004,5.7,4.91,3.02,12.41,1.625827815,2.527494908,0.020379736,0.013086227,0.012862097,0.011707405,0.017412729,0.015575885,0.012567676,0.01396377,0.010767693
3/1/02,189.2,83.8,0.748,1147.390015,24.42,118.620003,5.7,5.28,3.56,12.43,1.483146067,2.354166667,0.019907628,0.012826051,0.013504571,0.012039645,0.017770053,0.015430379,0.012495087,0.014134233,0.010939922
4/1/02,189.7,84,0.7325,1076.920044,26.27,115.190002,5.9,5.21,3.42,11.96,1.523391813,2.295585413,0.020617217,0.013157467,0.013870296,0.012501477,0.018817696,0.015305454,0.012683867,0.013238415,0.010948503
5/1/02,190,84.2,0.7615,1067.140015,27.02,111.809998,5.8,5.16,3.26,11.5,1.582822086,2.228682171,0.020699283,0.013130108,0.013751141,0.012577903,0.019254895,0.015512731,0.01343473,0.012805711,0.010957006
6/1/02,190.2,84.4,0.7675,989.8200073,25.52,106.110001,5.8,4.93,2.99,11.74,1.648829431,2.381338742,0.021140823,0.012713299,0.014282318,0.012980415,0.019274083,0.015698778,0.014237497,0.011961199,0.011018401
7/1/02,190.5,84.3,0.6775,911.6199951,26.94,107.410004,5.8,4.65,2.56,13.2,1.81640625,2.838709677,0.020213496,0.013214491,0.013358922,0.0129222,0.020322609,0.016080606,0.013705612,0.011755835,0.010202333
8/1/02,191.1,84.4,0.687,916.0700073,28.38,106.980003,5.7,4.26,2.13,13.25,2,3.110328638,0.020722334,0.013255256,0.013494292,0.013099326,0.020419499,0.015753562,0.013566068,0.011600697,0.010555354
9/1/02,191.3,84.3,0.66,815.2800293,29.67,106.870003,5.7,3.87,2,13.03,1.935,3.366925065,0.021208362,0.013817361,0.01408061,0.013027035,0.021522688,0.015658434,0.01326473,0.010859314,0.010424633
10/1/02,191.5,84.3,0.714,885.7600098,28.85,106.639999,5.7,3.94,1.91,14.06,2.062827225,3.568527919,0.020838277,0.013212748,0.01319908,0.013086847,0.020965316,0.015121292,0.012906337,0.012470808,0.009374157
11/1/02,191.9,84.5,0.736,936.3099976,26.27,106.410004,5.9,4.05,1.92,12.78,2.109375,3.155555556,0.020625593,0.012152875,0.013002163,0.012841273,0.020446306,0.015052294,0.013678611,0.013667871,0.009125736
12/1/02,192.1,84.4,0.699,879.8200073,29.42,101.849998,6,4.03,1.84,11.93,2.190217391,2.960297767,0.02007984,0.012969671,0.013840204,0.012925243,0.020941351,0.015389531,0.013890114,0.012623014,0.010026327
1/1/03,192.4,84.5,0.7625,855.7000122,32.94,99.910004,5.8,4.05,1.74,11.5,2.327586207,2.839506173,0.019957941,0.012880488,0.013873445,0.013120433,0.021458641,0.014970298,0.013569002,0.012671892,0.010066697
2/1/03,192.5,84.2,0.775,841.1500244,35.87,99.709999,5.9,3.9,1.63,11.56,2.392638037,2.964102564,0.020212287,0.012701891,0.014528333,0.012935657,0.021343071,0.014994708,0.013437564,0.012953536,0.009693191
3/1/03,192.5,84.3,0.7125,848.1799927,33.55,99.059998,5.9,3.81,1.57,11.18,2.426751592,2.934383202,0.02051597,0.012598111,0.014425513,0.012708592,0.021920689,0.015028446,0.013408475,0.012651526,0.010099817
4/1/03,192.5,84.3,0.725,916.9199829,28.25,97.190002,6,3.96,1.62,10.41,2.444444444,2.628787879,0.021198833,0.011998808,0.013230465,0.013233831,0.02094514,0.015406432,0.013523483,0.012775164,0.010149979
5/1/03,192.9,84.6,0.78,963.5900269,28.14,93.269997,6.1,3.57,1.42,9.42,2.514084507,2.638655462,0.021244667,0.011978994,0.013926566,0.013234098,0.020342309,0.015057571,0.01326661,0.013199957,0.010634365
6/1/03,193,84.8,0.748,974.5,30.72,94.730003,6.3,3.33,1.23,9.08,2.707317073,2.726726727,0.021311359,0.011957913,0.013593815,0.013141366,0.02100293,0.015199982,0.013236452,0.013144584,0.010658003
7/1/03,193.4,85,0.818,990.3099976,30.76,96.889999,6.2,3.98,1.47,8.94,2.707482993,2.246231156,0.021358189,0.011749494,0.012904017,0.013495182,0.020357572,0.015451662,0.014049305,0.013336341,0.009786131
8/1/03,193.6,85,0.803,1008.01001,31.59,98.099998,6.1,4.45,1.86,9.37,2.392473118,2.105617978,0.022055509,0.011738145,0.013486161,0.013102968,0.019259364,0.015771015,0.014185323,0.013727495,0.009805272
9/1/03,193.7,85.3,0.813,995.9699707,28.29,92.849998,6.1,4.27,1.71,8.84,2.497076023,2.070257611,0.021256873,0.011833328,0.01336775,0.013378945,0.019542919,0.01552505,0.013710123,0.013772886,0.010417245
10/1/03,194,85.5,0.937,1050.709961,30.33,92.730003,6,4.29,1.75,8.56,2.451428571,1.995337995,0.021983191,0.011724682,0.012792505,0.013560328,0.018651327,0.015626125,0.014234123,0.014012359,0.009942162
11/1/03,194,85.9,0.907,1058.199951,31.09,90.209999,5.8,4.3,1.93,8.09,2.227979275,1.881395349,0.022023456,0.011778718,0.01280135,0.013414786,0.018916157,0.01582295,0.014452565,0.014111732,0.00989417
12/1/03,194.2,85.8,1.042,1111.920044,32.15,86.919998,5.7,4.27,1.91,7.79,2.235602094,1.824355972,0.021798897,0.011409059,0.013777918,0.013345727,0.019044028,0.016056503,0.015102659,0.013851058,0.010033103
1/1/04,194.6,85.7,1.1205,1131.130005,34.27,87.199997,5.7,4.15,1.76,7.37,2.357954545,1.775903614,0.021306204,0.011215299,0.013848729,0.013548141,0.019235956,0.015943072,0.0141898,0.014197073,0.010065636
2/1/04,194.9,86,1.343,1144.939941,34.74,87.309998,5.6,4.08,1.74,7.49,2.344827586,1.835784314,0.021506364,0.011710841,0.014400506,0.013767151,0.019206364,0.015634236,0.014749531,0.013669404,0.010132167
3/1/04,195.5,86.4,1.3585,1126.209961,36.76,87.610001,5.8,3.83,1.58,7.4,2.424050633,1.932114883,0.021729109,0.011876097,0.014548474,0.01383356,0.018711756,0.015699813,0.014649079,0.013527683,0.010410487
4/1/04,195.9,86.5,1.2095,1107.300049,36.69,90.480003,5.6,4.35,2.07,7.49,2.101449275,1.72183908,0.021849598,0.012237289,0.015049094,0.013457238,0.01962266,0.015961879,0.014209309,0.013233197,0.010135491
5/1/04,196.2,86.9,1.278,1120.680054,40.28,88.949997,5.6,4.72,2.53,7.89,1.865612648,1.671610169,0.021726286,0.012023378,0.01482457,0.013523539,0.019325552,0.016159627,0.014434039,0.013587693,0.010134928
6/1/04,196.6,86.8,1.205,1140.839966,38.02,88.800003,5.6,4.73,2.76,8.07,1.713768116,1.706131078,0.021397512,0.01187571,0.015470796,0.01334332,0.018913147,0.016853886,0.014890402,0.01371191,0.010128252
7/1/04,196.8,87.1,1.308,1101.719971,40.69,89.959999,5.5,4.5,2.64,8.12,1.704545455,1.804444444,0.021316689,0.011690248,0.01651377,0.013522211,0.018533707,0.016965177,0.015067907,0.013334526,0.010646794
8/1/04,196.9,87.3,1.281,1104.23999,44.94,88.940002,5.4,4.28,2.51,7.86,1.705179283,1.836448598,0.021226104,0.011870806,0.016222224,0.013930294,0.01879193,0.016938615,0.015286281,0.012715533,0.011054092
9/1/04,197.5,87.5,1.4,1114.579956,45.95,87.360001,5.4,4.13,2.53,7.66,1.632411067,1.85472155,0.021635606,0.011450924,0.017640807,0.013674034,0.018292066,0.017142234,0.015753116,0.012963703,0.011021059
10/1/04,197.9,87.8,1.3475,1130.199951,53.13,84.910004,5.5,4.1,2.58,7.12,1.589147287,1.736585366,0.022198263,0.011365664,0.01750159,0.013556122,0.017638242,0.017078063,0.015388791,0.013346199,0.011398078
11/1/04,198.3,87.8,1.443,1173.819946,48.46,81.82,5.4,4.19,2.85,7.11,1.470175439,1.696897375,0.022268853,0.011214379,0.017987732,0.0134584,0.017314605,0.0174758,0.016022257,0.013506919,0.011463291
12/1/04,198.6,89.2,1.487,1211.920044,43.33,80.849998,5.4,4.23,3.01,6.89,1.405315615,1.628841608,0.022576345,0.011267955,0.016930809,0.013574235,0.017695057,0.017346697,0.015726071,0.013424599,0.011376373
1/1/05,199,88.4,1.463,1181.27002,46.84,83.599998,5.3,4.22,3.22,6.94,1.310559006,1.644549763,0.022171053,0.011695564,0.017958364,0.01362538,0.017588929,0.017298449,0.015640262,0.012996528,0.011918812
2/1/05,199.4,88.6,1.5,1203.599976,47.97,82.510002,5.4,4.17,3.38,6.97,1.233727811,1.67146283,0.021643779,0.01146383,0.020582268,0.013283052,0.017781963,0.017174282,0.016559135,0.012774617,0.011948592
3/1/05,200.1,88.6,1.5105,1180.589966,54.31,84.059998,5.2,4.5,3.73,6.99,1.206434316,1.553333333,0.021807764,0.011584848,0.020582788,0.013026713,0.01802737,0.017501334,0.016433192,0.012768992,0.012316178
4/1/05,200.2,89,1.493,1156.849976,53.04,84.43,5.2,4.34,3.65,7.68,1.189041096,1.769585253,0.020839162,0.011699322,0.019868422,0.013317444,0.019038075,0.017208981,0.015574913,0.01257135,0.012956985
5/1/05,200.5,89.2,1.505,1191.5,49.83,87.760002,5.1,4.14,3.64,8.18,1.137362637,1.975845411,0.021484276,0.011623376,0.01982821,0.013312068,0.018717733,0.017238506,0.015024804,0.013053111,0.012571809
6/1/05,200.6,89.6,1.5535,1191.329956,56.26,89.110001,5,4,3.64,7.89,1.098901099,1.9725,0.021394713,0.011400443,0.021215078,0.013479917,0.018621422,0.016786808,0.014726158,0.012886781,0.013322165
7/1/05,200.9,89.7,1.6875,1234.180054,58.7,89.349998,5,4.18,3.87,7.52,1.080103359,1.799043062,0.021823724,0.011357736,0.02192973,0.013215013,0.018380383,0.016821701,0.015000506,0.013144997,0.013148924
8/1/05,201.1,89.8,1.7095,1220.329956,64.97,87.580002,4.9,4.26,4.04,7.53,1.054455446,1.767605634,0.021345039,0.011286065,0.023595086,0.013146188,0.018524554,0.016611008,0.014535109,0.013167883,0.0133847
9/1/05,201.3,89.3,1.8015,1228.810059,65.57,89.519997,5,4.2,3.95,7.9,1.063291139,1.880952381,0.02059528,0.011366718,0.024905293,0.013167204,0.01829477,0.016772798,0.014545924,0.013108367,0.013854367
10/1/05,202,89.8,1.896,1207.01001,62.37,90.07,5,4.46,4.27,8.11,1.044496487,1.81838565,0.020541328,0.011517331,0.023063854,0.013813705,0.018054854,0.016832286,0.014840947,0.013038639,0.013202066
11/1/05,202.5,90.4,2.075,1249.47998,58.3,91.57,5,4.54,4.42,8.09,1.027149321,1.781938326,0.020634859,0.011226695,0.02261305,0.013980235,0.017653511,0.017206334,0.015434114,0.013391138,0.012733056
12/1/05,202.8,90.8,2.1645,1248.290039,59.43,91.169998,4.9,4.47,4.4,8.18,1.015909091,1.829977629,0.020477758,0.011250536,0.023041929,0.013996416,0.018281743,0.017304198,0.01589083,0.012992213,0.012854693
1/1/06,203.2,91.2,2.2355,1280.079956,65.51,88.959999,4.7,4.42,4.4,7.93,1.004545455,1.794117647,0.020323935,0.010989979,0.025752384,0.013769485,0.01805816,0.016922791,0.016243369,0.013093893,0.012838962
2/1/06,203.6,91.6,2.1855,1280.660034,61.63,90.110001,4.8,4.57,4.67,7.94,0.978586724,1.737417943,0.020461454,0.011079169,0.02336576,0.014056179,0.018257843,0.017441206,0.015888169,0.01311826,0.013000797
3/1/06,204.3,91.8,2.488,1294.869995,62.9,89.730003,4.7,4.72,4.73,8.11,0.997885835,1.718220339,0.020355985,0.011047949,0.024090039,0.013942221,0.017826798,0.018012751,0.016446673,0.013267948,0.012262593
4/1/06,204.8,91.8,3.3355,1310.609985,69.69,86.110001,4.7,4.99,4.89,7.99,1.020449898,1.601202405,0.020368439,0.011021643,0.024999518,0.01437147,0.017067475,0.018180781,0.016826792,0.0129369,0.012307876
5/1/06,205.4,91.9,3.7165,1270.089966,70.94,84.720001,4.6,5.11,4.97,8.04,1.028169014,1.573385519,0.02066682,0.011397131,0.025079245,0.014271008,0.017242581,0.018440251,0.016663892,0.012482056,0.012907347
6/1/06,205.9,91.9,3.4625,1270.199951,70.96,85.220001,4.6,5.11,5.12,8.42,0.998046875,1.647749511,0.020628873,0.01160589,0.025713586,0.014203771,0.017247113,0.018414968,0.016748441,0.012419888,0.013202364
7/1/06,206.3,91.9,3.61,1276.660034,74.41,85.300003,4.7,5.09,5.12,8.49,0.994140625,1.667976424,0.019842173,0.011728551,0.026439999,0.014455263,0.018096137,0.017281329,0.016040756,0.012034889,0.013766096
8/1/06,206.8,92,3.469,1303.819946,73.05,85.050003,4.7,4.88,4.9,8.34,0.995918367,1.709016393,0.019814055,0.011928275,0.0245738,0.01432102,0.018224809,0.017112364,0.01617933,0.012611466,0.013849771
9/1/06,207.2,92.2,3.459,1335.849976,63.87,85.970001,4.5,4.72,4.77,8.14,0.98951782,1.724576271,0.020570983,0.011636404,0.023107015,0.014540282,0.018060794,0.017339729,0.015789213,0.012805581,0.013321084
10/1/06,207.6,92.4,3.336,1377.939941,58.88,85.32,4.4,4.73,4.8,7.91,0.985416667,1.67230444,0.021232199,0.011480974,0.023356762,0.014425944,0.017567145,0.017284027,0.016226107,0.012905359,0.013598074
11/1/06,207.8,92.6,3.1715,1400.630005,59.37,82.919998,4.5,4.6,4.74,7.81,0.970464135,1.697826087,0.021152087,0.011198784,0.024949269,0.014292398,0.017261799,0.017420703,0.016658133,0.013057141,0.013732888
12/1/06,208.1,93.2,2.854,1418.300049,62.03,83.720001,4.4,4.56,4.67,7.6,0.976445396,1.666666667,0.021341523,0.01133672,0.023944273,0.014645503,0.017224927,0.017288424,0.016554507,0.012825013,0.013677587
1/1/07,208.6,93.1,2.5835,1438.23999,54.57,84.610001,4.6,4.76,4.88,7.46,0.975409836,1.567226891,0.021649148,0.011406392,0.023394828,0.014576112,0.017503466,0.017404213,0.016985679,0.012902762,0.013440206
2/1/07,209.135,93.5,2.733,1406.819946,59.26,83.57,4.5,4.72,4.85,7.42,0.973195876,1.572033898,0.021470811,0.011481741,0.023427376,0.014447534,0.017479568,0.017593786,0.0178297,0.012835173,0.014468893
3/1/07,209.418,93.7,3.1435,1420.859985,60.56,82.93,4.4,4.56,4.57,7.52,0.997811816,1.649122807,0.021158177,0.011603203,0.024654388,0.014237132,0.017340627,0.017561364,0.018070356,0.012834925,0.014840623
4/1/07,209.747,93.9,3.5415,1482.369995,63.97,81.449997,4.5,4.69,4.67,7.5,1.004282655,1.599147122,0.020760156,0.011434729,0.024842731,0.014174913,0.017836185,0.017613935,0.01758,0.012882651,0.014923518
5/1/07,210.058,94.1,3.306,1530.619995,63.46,82.300003,4.4,4.75,4.77,7.31,0.995807128,1.538947368,0.020709985,0.011223808,0.025931371,0.014058197,0.017570523,0.017943715,0.018030976,0.013104978,0.014519014
6/1/07,210.392,94.1,3.4535,1503.349976,67.48,81.919998,4.6,5.1,4.98,7.38,1.024096386,1.447058824,0.020717306,0.011199704,0.026745922,0.013738335,0.01729036,0.018274138,0.018260416,0.013326037,0.014080636
7/1/07,210.773,94,3.6535,1455.27002,74.18,80.769997,4.7,5,4.82,8.19,1.037344398,1.638,0.020133879,0.011240381,0.027633578,0.012905593,0.017011774,0.019056805,0.018360675,0.013739417,0.013965174
8/1/07,211.119,94.2,3.411,1473.98999,72.39,80.790001,4.6,4.67,4.31,8.98,1.083526682,1.922912206,0.020001736,0.011359447,0.027610811,0.013070886,0.017180276,0.01881955,0.018003327,0.013825073,0.014005521
9/1/07,211.554,94.3,3.6305,1526.75,79.93,77.720001,4.7,4.52,4.01,8.93,1.127182045,1.975663717,0.019140664,0.011470747,0.028629019,0.01292726,0.017104069,0.019030036,0.018781018,0.01385164,0.014040253
10/1/07,212.077,94.3,3.468,1549.380005,86.2,76.480003,4.7,4.53,3.97,8.38,1.141057935,1.849889625,0.018768923,0.011476916,0.028927451,0.012519457,0.017168921,0.01851015,0.019275805,0.014373041,0.014756372
11/1/07,212.66,94.3,3.157,1481.140015,94.62,76.150002,4.7,4.15,3.34,9.37,1.24251497,2.257831325,0.018562249,0.012335294,0.028985896,0.01203629,0.018189371,0.018813823,0.019147881,0.013902303,0.015538042
12/1/07,213.168,94.3,3.0305,1468.359985,91.73,76.699997,5,4.1,3.12,9.34,1.314102564,2.27804878,0.017796389,0.012339399,0.031659473,0.011433572,0.017828876,0.018952244,0.019521633,0.01430256,0.015644878
1/1/08,213.771,94.4,3.2895,1378.550049,92.95,75.18,5,3.74,2.48,10.01,1.508064516,2.676470588,0.018886232,0.012413108,0.029578487,0.012266849,0.018124503,0.01907348,0.019920796,0.013285762,0.015439791
2/1/08,213.939,94.1,3.852,1330.630005,95.35,73.709999,4.9,3.74,1.97,9.98,1.898477157,2.668449198,0.018809664,0.012827049,0.033483546,0.011265045,0.018275752,0.019359817,0.021113475,0.013113004,0.015339184
3/1/08,214.42,93.8,3.8635,1322.699951,105.56,71.800003,5.1,3.51,1.62,10.59,2.166666667,3.017094017,0.018584393,0.013322021,0.032897322,0.01099939,0.017549881,0.020182994,0.02094146,0.013344133,0.015678872
4/1/08,214.56,93.6,3.934,1385.589966,112.57,72.510002,5,3.68,2.05,10.24,1.795121951,2.782608696,0.018162451,0.012621493,0.03466501,0.011234772,0.016919921,0.019833586,0.021055959,0.013534609,0.015732553
5/1/08,214.936,93.3,3.628,1400.380005,125.39,72.879997,5.4,3.88,2.45,10.02,1.583673469,2.582474227,0.018462039,0.012867575,0.036082008,0.010343297,0.017060311,0.019797423,0.021916856,0.014263817,0.016124562
6/1/08,215.424,93,3.8955,1280,133.93,72.459999,5.6,4.1,2.77,10.18,1.480144404,2.482926829,0.017868593,0.013275374,0.040721017,0.009341469,0.017875081,0.019054662,0.02258343,0.014143473,0.017509376
7/1/08,215.965,92.5,3.7165,1267.380005,133.44,73.230003,5.8,4.01,2.57,10.95,1.560311284,2.730673317,0.018078209,0.013733354,0.034581971,0.010072453,0.018861864,0.019397178,0.022070438,0.013935158,0.016545358
8/1/08,216.393,92.2,3.4295,1282.829956,116.61,77.379997,6.1,3.89,2.42,11.46,1.607438017,2.946015424,0.019093751,0.013934388,0.034280285,0.009854536,0.01901964,0.019689055,0.021464436,0.014013719,0.016165806
9/1/08,216.713,90.9,2.888,1166.359985,103.9,79.449997,6.1,3.69,2.08,11.58,1.774038462,3.138211382,0.019277902,0.015134081,0.032073975,0.010160879,0.019364398,0.019041001,0.019953921,0.013494479,0.015827381
10/1/08,216.788,91,1.844,968.75,76.65,85.629997,6.5,3.81,1.61,16.86,2.366459627,4.42519685,0.019117306,0.015923754,0.031356894,0.00955188,0.020637745,0.018741991,0.018643937,0.013627956,0.016578601
11/1/08,216.947,90.3,1.6235,896.2399902,57.44,86.519997,6.8,3.53,1.21,18.71,2.917355372,5.300283286,0.018424928,0.017176375,0.033155276,0.008416636,0.020898533,0.018592912,0.017998694,0.013491919,0.018669914
12/1/08,216.925,89.3,1.395,903.25,41.02,81.309998,7.3,2.42,0.82,22.4,2.951219512,9.256198347,0.019391803,0.017045792,0.031417834,0.008382269,0.022227298,0.018877743,0.017756177,0.013600045,0.018080227
1/1/09,217.346,87.8,1.45,825.8800049,41.74,86,7.8,2.52,0.81,18.36,3.111111111,7.285714286,0.018956849,0.017299333,0.033749708,0.00676582,0.024016604,0.018169052,0.01798492,0.014169509,0.019739954
2/1/09,217.792,87.2,1.526,735.0900269,39.16,88.010002,8.3,2.87,0.98,18.13,2.928571429,6.317073171,0.019364998,0.017865289,0.033238945,0.00625228,0.023639578,0.01693662,0.018584724,0.015312282,0.019400023
3/1/09,218.253,86.3,1.839,797.8699951,47.98,85.43,8.7,2.82,0.93,19.46,3.032258065,6.90070922,0.020106678,0.017158825,0.031776277,0.006744403,0.023087544,0.016979821,0.019752316,0.015684784,0.018213558
4/1/09,218.706,85.9,2.053,872.8099976,49.79,84.610001,9,2.93,0.93,18.8,3.150537634,6.416382253,0.02178512,0.016354611,0.031319259,0.007508964,0.021079082,0.018326473,0.020869291,0.015834309,0.016845226
5/1/09,218.904,85.6,2.1975,919.1400146,59.16,80.43,9.4,3.29,0.93,14.93,3.537634409,4.537993921,0.020536023,0.016320874,0.033573452,0.008127272,0.021382458,0.017986536,0.020975373,0.015384835,0.01656543
6/1/09,219.112,85.2,2.258,919.3200073,69.68,80.129997,9.5,3.72,1.18,13.86,3.152542373,3.725806452,0.020584024,0.016350133,0.031368629,0.007980588,0.021884971,0.017676544,0.020019758,0.015941674,0.017451844
7/1/09,219.263,85.4,2.6165,987.4799805,64.09,78.349998,9.5,3.56,1.02,12.06,3.490196078,3.387640449,0.020981583,0.016234587,0.030765427,0.008088773,0.021582448,0.017895247,0.021036266,0.016055678,0.01685893
8/1/09,219.496,85.5,2.808,1020.619995,71.06,78.169998,9.6,3.59,1.12,11.42,3.205357143,3.181058496,0.02101527,0.01589962,0.030089861,0.008842742,0.021443593,0.018140737,0.020835488,0.015786677,0.016474959
9/1/09,219.92,85.6,2.715,1057.079956,69.46,76.650002,9.8,3.4,0.96,10.21,3.541666667,3.002941176,0.021375728,0.015859492,0.03074936,0.008704031,0.02083134,0.018536845,0.020966123,0.015948243,0.016125907
10/1/09,220.501,85.6,2.9475,1036.189941,75.82,76.300003,10,3.39,0.95,10.34,3.568421053,3.050147493,0.021290672,0.01641436,0.032143042,0.00835054,0.020806563,0.018156714,0.020282724,0.016067078,0.015923777
11/1/09,220.666,85.9,3.1485,1095.630005,78.08,74.879997,9.9,3.4,0.8,9.87,4.25,2.902941176,0.021486996,0.016094793,0.031263043,0.008240386,0.02150745,0.018679028,0.02124834,0.016035911,0.015786612
12/1/09,220.881,86,3.3275,1115.099976,74.3,77.860001,9.9,3.59,0.87,9.7,4.126436782,2.701949861,0.022080165,0.015778753,0.030987641,0.007982438,0.021518754,0.018660142,0.02130927,0.016670371,0.016359638
1/1/10,220.633,86.1,3.046,1073.869995,78.22,79.459999,9.8,3.73,0.93,8.89,4.010752688,2.383378016,0.022265556,0.016217438,0.030760693,0.008162275,0.022495958,0.019090706,0.020215826,0.015823205,0.01617177
2/1/10,220.731,86.3,3.2685,1104.48999,76.42,80.360001,9.8,3.69,0.86,9.25,4.290697674,2.506775068,0.022853879,0.016267355,0.030807881,0.008215824,0.021956213,0.019551217,0.020542291,0.015920349,0.015515775
3/1/10,220.783,86.7,3.546,1169.430054,81.24,81.07,9.9,3.73,0.96,8.92,3.885416667,2.391420912,0.023269861,0.015942831,0.029916707,0.008450105,0.021290091,0.020070706,0.020937408,0.016064726,0.015048442
4/1/10,220.822,87.2,3.3375,1186.689941,84.48,81.870003,9.9,3.85,1.06,8.14,3.632075472,2.114285714,0.024313989,0.015542199,0.030706561,0.008436836,0.020164199,0.020620841,0.02067547,0.016029817,0.015219556
5/1/10,220.962,87.8,3.097,1089.410034,73.84,86.589996,9.6,3.42,0.83,8.14,4.120481928,2.380116959,0.024621594,0.016145743,0.029618505,0.008348535,0.020535089,0.020413908,0.020374886,0.016154789,0.015663619
6/1/10,221.194,88,2.936,1030.709961,75.35,86.019997,9.4,3.2,0.72,9.38,4.444444444,2.93125,0.023494513,0.016633263,0.02945032,0.008318492,0.021308624,0.020093071,0.019956266,0.016153362,0.016439447
7/1/10,221.363,88.2,3.307,1101.599976,76.37,81.540001,9.4,3.01,0.62,8.58,4.85483871,2.850498339,0.023725818,0.016466141,0.02986249,0.008290415,0.020198964,0.020760239,0.021067748,0.016239988,0.016529986
8/1/10,221.509,88.4,3.361,1049.329956,76.82,83.199997,9.5,2.7,0.52,8.42,5.192307692,3.118518519,0.023917378,0.016966008,0.029812797,0.008022969,0.020856285,0.020283367,0.021446973,0.016092275,0.017604807
9/1/10,221.711,88.4,3.646,1141.199951,75.31,78.720001,9.5,2.65,0.48,8.29,5.520833333,3.128301887,0.0244158,0.016542115,0.030152847,0.007824422,0.020915394,0.020800301,0.021249737,0.016522656,0.016656163
10/1/10,221.83,88.6,3.732,1183.26001,81.9,77.269997,9.4,2.54,0.38,7.43,6.684210526,2.92519685,0.024851834,0.016463411,0.030730664,0.00765673,0.020621824,0.020638139,0.021757332,0.016856016,0.016238164
11/1/10,222.149,88.7,3.823,1180.550049,84.14,81.199997,9.8,2.76,0.45,7.44,6.133333333,2.695652174,0.025537614,0.016243102,0.03260539,0.007621599,0.020072362,0.020961917,0.02205166,0.016617177,0.015782865
12/1/10,222.343,89.1,4.4395,1257.640015,89.04,79.029999,9.3,3.29,0.62,7.69,5.306451613,2.337386018,0.02495409,0.015918264,0.033458838,0.007920242,0.019709322,0.021148202,0.022777776,0.016465188,0.015275484
1/1/11,222.803,89.7,4.3655,1286.119995,89.42,77.739998,9.1,3.39,0.61,7.28,5.557377049,2.147492625,0.02425148,0.015337413,0.035066901,0.007963363,0.019383009,0.021492381,0.022290763,0.016611916,0.015118338
2/1/11,223.213,89.6,4.478,1327.219971,89.58,76.889999,9,3.58,0.77,7.21,4.649350649,2.01396648,0.024910021,0.015294741,0.036484857,0.007928501,0.019369734,0.021269345,0.022173661,0.016450535,0.014830298
3/1/11,223.454,89.9,4.3,1325.829956,102.94,75.860001,9,3.41,0.7,7.12,4.871428571,2.08797654,0.024791131,0.015501539,0.03721063,0.007740347,0.01974071,0.021766518,0.02258627,0.016212378,0.014880183
4/1/11,223.727,89.8,4.1655,1363.609985,110.04,72.93,9.1,3.46,0.73,7.1,4.739726027,2.052023121,0.025030176,0.015878048,0.036510859,0.007521299,0.020428545,0.021742124,0.022426928,0.016174518,0.01505353
5/1/11,224.175,89.7,4.1735,1345.199951,101.33,74.639999,9,3.17,0.56,6.87,5.660714286,2.167192429,0.025303893,0.016498756,0.035460754,0.007372885,0.021219356,0.021430323,0.022110842,0.016224196,0.015586277
6/1/11,224.697,90.1,4.272,1320.640015,96.29,74.300003,9.1,3,0.41,7.42,7.317073171,2.473333333,0.025718366,0.016357749,0.035425947,0.007303821,0.021371028,0.021709729,0.022431533,0.016115532,0.015853291
7/1/11,225.218,90.5,4.474,1292.280029,97.19,73.900002,9,3,0.41,7.32,7.317073171,2.44,0.02591673,0.016502623,0.036731922,0.007196663,0.02097332,0.020661015,0.022131921,0.016539687,0.0160512
8/1/11,225.862,90.7,4.187,1218.890015,86.33,74.129997,9,2.3,0.23,8.49,10,3.691304348,0.026035772,0.017530302,0.034965168,0.006897915,0.021766899,0.020464909,0.021816241,0.016604757,0.017387039
9/1/11,226.118,90.6,3.145,1131.420044,85.61,78.550003,9,1.98,0.21,8.66,9.428571429,4.373737374,0.026114581,0.018263179,0.032235239,0.006584704,0.022397276,0.019994462,0.019629707,0.017339368,0.018771702
10/1/11,226.506,91,3.629,1253.300049,86.41,76.169998,8.8,2.15,0.28,9.75,7.678571429,4.534883721,0.026388311,0.017254235,0.034670861,0.00679499,0.021385317,0.020644518,0.020792935,0.017251638,0.017566196
11/1/11,226.899,91,3.563,1246.959961,97.21,78.389999,8.6,2.01,0.25,8.57,8.04,4.263681592,0.026332174,0.017822437,0.03542702,0.006480472,0.021699004,0.021041293,0.020941121,0.017079373,0.017837888
12/1/11,227.405,91.5,3.4315,1257.599976,98.57,80.169998,8.5,1.98,0.26,8.87,7.615384615,4.47979798,0.026450746,0.018161214,0.034409874,0.006562719,0.022153351,0.020916311,0.020290676,0.0168961,0.018276196
1/1/12,227.877,92,3.7875,1312.410034,100.24,79.279999,8.3,1.97,0.24,8.13,8.208333333,4.126903553,0.026840094,0.017156354,0.033716882,0.006801407,0.02190742,0.021509624,0.021579133,0.017195612,0.016880162
2/1/12,228.034,92.4,3.8705,1365.680054,102.25,78.730003,8.3,1.97,0.28,7.25,7.035714286,3.680203046,0.026960463,0.017104843,0.034322255,0.006861523,0.021276365,0.021247019,0.020620294,0.017698683,0.016319963
3/1/12,228.478,92.5,3.824,1408.469971,106.19,78.93,8.2,2.17,0.34,7.09,6.382352941,3.267281106,0.027375436,0.017099467,0.032011618,0.007144584,0.021553601,0.020803198,0.020069971,0.017935659,0.016039198
4/1/12,228.905,92.8,3.8335,1397.910034,103.33,78.790001,8.2,2.05,0.29,7.43,7.068965517,3.624390244,0.027900322,0.017279202,0.032024174,0.00702998,0.021658676,0.020730696,0.020057475,0.017867432,0.016446303
5/1/12,229.224,92.9,3.3625,1310.329956,94.7,83.040001,8.2,1.8,0.29,7.39,6.206896552,4.105555556,0.028127106,0.018218377,0.030515081,0.006809652,0.022268538,0.020717969,0.019735022,0.017853525,0.017643957
6/1/12,229.623,92.9,3.49,1362.160034,82.41,81.650002,8.2,1.62,0.29,7.4,5.586206897,4.567901235,0.027580911,0.018162994,0.030765904,0.006878024,0.022644794,0.020601527,0.019916618,0.017734715,0.017670362
7/1/12,229.97,92.8,3.415,1379.319946,87.93,82.639999,8.2,1.53,0.25,7.31,6.12,4.777777778,0.027088467,0.018380688,0.031884675,0.006801734,0.022586643,0.020425078,0.019418031,0.017837177,0.017889272
8/1/12,230.233,92.7,3.454,1406.579956,94.16,81.25,8.1,1.68,0.27,6.91,6.222222222,4.113095238,0.027789766,0.017938463,0.032110689,0.0068974,0.022408529,0.020336854,0.019484407,0.018226773,0.016816252
9/1/12,230.659,93,3.748,1440.670044,94.72,79.940002,7.8,1.72,0.26,6.82,6.615384615,3.965116279,0.027968074,0.017821657,0.032327717,0.006953974,0.022711615,0.020077581,0.019739854,0.018068252,0.016610307
10/1/12,231.024,93.3,3.527,1412.160034,89.57,79.919998,7.8,1.75,0.28,6.49,6.25,3.708571429,0.028093658,0.017958179,0.032311171,0.007235433,0.02311816,0.020460505,0.019717013,0.017261162,0.017183146
11/1/12,231.33,94.1,3.5885,1416.180054,86.66,80.150002,7.7,1.65,0.27,6.63,6.111111111,4.018181818,0.028901703,0.018236102,0.031825324,0.007151369,0.023173476,0.02076026,0.020026662,0.017367171,0.016400709
12/1/12,231.725,95.1,3.5775,1426.189941,88.25,79.769997,7.9,1.72,0.26,6.37,6.615384615,3.703488372,0.028828249,0.017732075,0.031923894,0.007431323,0.022928135,0.021196408,0.020521071,0.017177772,0.01628289
1/1/13,232.229,93.4,3.7235,1498.109985,94.69,79.209999,8,1.91,0.27,5.9,7.074074074,3.089005236,0.029000461,0.017833675,0.032914708,0.007501888,0.023485817,0.021339514,0.020306101,0.016664876,0.016238081
2/1/13,232.569,93.6,3.5275,1514.680054,95.32,81.980003,7.7,1.98,0.27,6.08,7.333333333,3.070707071,0.029140946,0.018222232,0.032697728,0.007509473,0.023521201,0.021574738,0.019811173,0.016611512,0.016433632
3/1/13,232.794,93.7,3.402,1569.189941,93.05,82.989998,7.5,1.96,0.26,5.86,7.538461538,2.989795918,0.02935953,0.01845576,0.032364416,0.007529406,0.024114385,0.021318971,0.019545964,0.016447793,0.016714422
4/1/13,232.832,93.8,3.1875,1597.569946,92.07,81.730003,7.6,1.76,0.23,5.9,7.652173913,3.352272727,0.029713992,0.018661217,0.031372614,0.007594656,0.024397368,0.020784806,0.019380047,0.016438472,0.017395841
5/1/13,232.996,94.2,3.289,1630.73999,94.8,83.379997,7.5,1.93,0.25,5.79,7.72,3,0.029914493,0.017884202,0.031610143,0.007893751,0.024295005,0.021383807,0.019345885,0.016553766,0.015499453
6/1/13,233.35,94.2,3.0505,1606.280029,95.8,83.169998,7.5,2.3,0.33,6.41,6.96969697,2.786956522,0.030619336,0.018101651,0.031364055,0.007888088,0.024519126,0.021374221,0.01883323,0.016319859,0.015876235
7/1/13,233.88,94.1,3.1185,1685.72998,104.61,81.449997,7.3,2.58,0.34,6.29,7.588235294,2.437984496,0.03071263,0.017996361,0.031458367,0.007918215,0.025036899,0.021570515,0.018942319,0.016130216,0.015783259
8/1/13,234.336,94.4,3.225,1632.969971,106.57,82.089996,7.2,2.74,0.36,6.38,7.611111111,2.328467153,0.030802434,0.017733972,0.032139859,0.007755173,0.024933965,0.021715191,0.019530183,0.016478196,0.015479787
9/1/13,234.7,94.7,3.321,1681.550049,106.29,80.220001,7.2,2.81,0.4,6.52,7.025,2.320284698,0.031534682,0.017457758,0.031871218,0.007743625,0.024990249,0.02232504,0.019805845,0.016407333,0.015205058
10/1/13,234.921,94.8,3.2945,1756.540039,100.54,80.199997,7.2,2.62,0.34,6.44,7.705882353,2.458015267,0.031572597,0.017783226,0.031791203,0.007658769,0.024954269,0.022389656,0.019754645,0.016496142,0.015105128
11/1/13,235.359,95.2,3.2305,1805.810059,93.86,80.68,6.9,2.72,0.3,5.93,9.066666667,2.180147059,0.031771845,0.017567605,0.030941697,0.007779381,0.025418778,0.022576105,0.019465887,0.016541981,0.014408834
12/1/13,235.759,95.3,3.4205,1848.359985,97.63,80.040001,6.7,2.9,0.34,5.86,8.529411765,2.020689655,0.031749151,0.017281603,0.03109751,0.007771124,0.025017122,0.02298687,0.019948946,0.016732419,0.014205389
1/1/14,235.961,95.3,3.2205,1782.589966,94.62,81.269997,6.6,2.86,0.39,5.69,7.333333333,1.98951049,0.03094524,0.016993659,0.030375966,0.007762956,0.026183447,0.022817924,0.019709348,0.01690317,0.015167866
2/1/14,236.185,95.8,3.2385,1859.449951,100.82,79.779999,6.7,2.71,0.33,5.69,8.212121212,2.099630996,0.031564537,0.016926732,0.030611684,0.007668235,0.026662132,0.02276233,0.020198936,0.016916511,0.015042957
3/1/14,236.625,96.3,3.0465,1872.339966,100.8,80.099998,6.7,2.72,0.4,5.53,6.8,2.033088235,0.030448491,0.017178841,0.031041909,0.007869101,0.026145523,0.022821857,0.02022555,0.016872328,0.015440005
4/1/14,237.072,96.5,3.0295,1883.949951,102.07,79.489998,6.2,2.71,0.42,5.55,6.452380952,2.04797048,0.029849384,0.017540841,0.032471784,0.00768758,0.025820033,0.022984617,0.020266719,0.016814481,0.01599255
5/1/14,237.529,96.7,3.136,1923.569946,102.18,80.370003,6.3,2.56,0.39,5.53,6.564102564,2.16015625,0.03007717,0.01749021,0.032335597,0.007642383,0.026014837,0.022944182,0.020436392,0.017087116,0.015492784
6/1/14,237.837,97,3.188,1960.22998,105.79,79.779999,6.1,2.6,0.45,5.28,5.777777778,2.030769231,0.030086858,0.017119641,0.033480293,0.007681139,0.026069906,0.022622002,0.020377974,0.017080928,0.01587835
7/1/14,238.195,97.3,3.223,1930.670044,103.59,81.459999,6.2,2.54,0.51,5.39,4.980392157,2.122047244,0.030158456,0.01680522,0.032814532,0.007685566,0.02650386,0.022020909,0.020277342,0.01763638,0.015025075
8/1/14,238.405,97.5,3.135,2003.369995,96.54,82.75,6.1,2.42,0.47,5.55,5.14893617,2.29338843,0.030356477,0.016942458,0.032314272,0.007720648,0.026779127,0.022118492,0.020296653,0.017554203,0.015192419
9/1/14,238.786,97.7,3.0055,1972.290039,93.21,85.940002,5.9,2.53,0.57,5.54,4.438596491,2.18972332,0.029980425,0.017310759,0.030279208,0.007810677,0.02731944,0.022209478,0.020326807,0.017738639,0.015142787
10/1/14,239.191,98,3.061,2018.050049,84.4,86.879997,5.7,2.3,0.45,6.09,5.111111111,2.647826087,0.029920108,0.017518304,0.028547632,0.007854304,0.028103686,0.02254715,0.01938917,0.017614487,0.015987869
11/1/14,239.458,98.4,2.86,2067.560059,75.79,88.360001,5.8,2.33,0.53,6.01,4.396226415,2.579399142,0.030794624,0.018046916,0.025441627,0.007846301,0.028384901,0.022684865,0.019222043,0.018019675,0.015786921
12/1/14,239.584,98.7,2.8385,2058.899902,59.29,90.269997,5.6,2.21,0.64,6.48,3.453125,2.932126697,0.03119936,0.017953253,0.025494785,0.008026666,0.028104271,0.022775372,0.019195399,0.017701571,0.016418833
1/1/15,239.811,98.9,2.528,1994.98999,47.22,94.800003,5.7,1.88,0.55,6.22,3.418181818,3.308510638,0.031234881,0.018348792,0.025111601,0.007707654,0.029382097,0.02266997,0.01944739,0.017628019,0.017339546
2/1/15,240.172,98.9,2.716,2104.5,50.58,95.25,5.5,1.98,0.62,6.51,3.193548387,3.287878788,0.032139404,0.018114822,0.024898251,0.007732081,0.029047396,0.022640238,0.019904387,0.01804675,0.015386125
3/1/15,240.755,98.8,2.747,2067.889893,47.82,98.360001,5.4,2.04,0.64,6.28,3.1875,3.078431373,0.032550435,0.018077391,0.025046324,0.007820494,0.029751041,0.022454435,0.019263205,0.017735271,0.015502674
4/1/15,241.346,99,2.8865,2085.51001,54.45,94.599998,5.4,1.94,0.54,5.99,3.592592593,3.087628866,0.032258275,0.017788588,0.026467305,0.007760851,0.02917823,0.022208825,0.019742616,0.018069195,0.015299037
5/1/15,241.688,98.9,2.7595,2107.389893,59.27,96.910004,5.6,2.2,0.61,6.06,3.606557377,2.754545455,0.032343017,0.017756752,0.024833469,0.007829873,0.030175904,0.022049358,0.019611271,0.018213355,0.015236062
6/1/15,242.064,98.9,2.6235,2063.110107,59.82,95.489998,5.3,2.36,0.69,6.24,3.420289855,2.644067797,0.03322035,0.017805139,0.024482815,0.007961049,0.030702734,0.02192468,0.019240996,0.0178391,0.014631771
7/1/15,242.565,99.2,2.3675,2103.840088,50.9,97.370003,5.2,2.32,0.67,6.73,3.462686567,2.900862069,0.0341703,0.018454513,0.022162496,0.008072708,0.030998758,0.021563858,0.017917082,0.017992352,0.015224089
8/1/15,242.817,99.3,2.338,1972.180054,42.87,95.949997,5.1,2.17,0.7,7,3.1,3.225806452,0.034070442,0.018512593,0.022636784,0.008003592,0.03043448,0.021760348,0.018035869,0.018134202,0.015675573
9/1/15,243.316,99.5,2.3455,1920.030029,45.48,96.349998,5,2.17,0.71,7.32,3.056338028,3.373271889,0.034790409,0.019089547,0.021579043,0.007989682,0.029478329,0.021858754,0.017150873,0.018371211,0.016571093
10/1/15,243.768,99.5,2.3135,2079.360107,46.22,96.949997,5,2.07,0.64,8.14,3.234375,3.93236715,0.035027316,0.018631607,0.022149283,0.007839793,0.029319703,0.021955837,0.017963063,0.018745774,0.01546393
11/1/15,244.241,99.4,2.0445,2080.409912,42.44,100.169998,5.1,2.26,0.88,7.47,2.568181818,3.305309735,0.034927498,0.01845047,0.022134844,0.00799203,0.029210438,0.022134811,0.018132431,0.018869373,0.015127574
12/1/15,244.547,99.4,2.1255,2043.939941,37.19,98.629997,5,2.24,0.98,8.79,2.285714286,3.924107143,0.034539963,0.019327616,0.020160351,0.007942302,0.030243874,0.021950193,0.017654954,0.018806357,0.015723797
1/1/16,244.955,99.6,2.049,1940.23999,31.68,99.610001,4.8,2.09,0.9,9.43,2.322222222,4.511961722,0.034500624,0.020469501,0.020494956,0.007625964,0.029401007,0.021806017,0.016606778,0.019076023,0.01738321
2/1/16,245.51,99.7,2.118,1932.22998,30.32,98.209999,4.9,1.78,0.73,9.88,2.438356164,5.550561798,0.034797894,0.020619151,0.020003639,0.007435463,0.029416295,0.022829383,0.017978868,0.019029696,0.017793457
3/1/16,245.913,99.6,2.1815,2059.73999,37.55,94.589996,5,1.89,0.88,8.29,2.147727273,4.386243386,0.034829997,0.020259216,0.020672959,0.007474527,0.028342389,0.022909571,0.018143137,0.019426461,0.018023364
4/1/16,246.551,99.6,2.279,2065.300049,40.75,93.080002,5.1,1.81,0.77,7.59,2.350649351,4.193370166,0.034780138,0.019915276,0.022486156,0.007722766,0.029104315,0.023132109,0.019019,0.018400213,0.017540145
5/1/16,247.137,99.5,2.0975,2096.949951,46.71,95.889999,4.8,1.81,0.82,7.72,2.207317073,4.26519337,0.034272491,0.019749705,0.021940061,0.007749782,0.029305768,0.022685609,0.018668301,0.019008614,0.017535854
6/1/16,247.54,99.8,2.1945,2098.860107,48.76,96.139999,4.9,1.64,0.73,7.42,2.246575342,4.524390244,0.033851106,0.020789063,0.022516478,0.007492427,0.029545293,0.0228266,0.018504985,0.018729658,0.018856328
7/1/16,247.829,100,2.2205,2173.600098,44.65,95.529999,4.8,1.5,0.67,7.22,2.23880597,4.813333333,0.034177854,0.01991042,0.021468226,0.00748482,0.029917836,0.022840573,0.018774838,0.019370011,0.018086491
8/1/16,248.423,100.2,2.0695,2170.949951,44.72,96.019997,4.9,1.56,0.74,6.69,2.108108108,4.288461538,0.033775156,0.019818113,0.021854911,0.007782308,0.028982445,0.023085158,0.018747573,0.019619119,0.017104467
9/1/16,248.842,100.3,2.202,2168.27002,45.18,95.459999,5,1.63,0.77,6.37,2.116883117,3.90797546,0.033726736,0.019535931,0.022688973,0.007573611,0.028870377,0.023156715,0.018552781,0.020056232,0.017187443
10/1/16,249.142,100.4,2.2005,2126.149902,49.78,98.449997,4.9,1.76,0.84,6.23,2.095238095,3.539772727,0.033561221,0.019769432,0.022486342,0.00789973,0.027502905,0.023142178,0.018524086,0.020299447,0.017685356
11/1/16,249.481,100.5,2.6215,2198.810059,45.66,101.5,4.7,2.14,0.98,6.71,2.183673469,3.135514019,0.034010379,0.018312404,0.023584263,0.008710575,0.027142835,0.024411397,0.019134181,0.019661762,0.016173769
12/1/16,249.92,100.9,2.4975,2238.830078,51.97,102.389999,4.7,2.49,1.2,6.59,2.075,2.646586345,0.033415474,0.018523998,0.023563572,0.00887623,0.026848594,0.024048419,0.018825343,0.019746685,0.016662806
1/1/17,250.467,101.1,2.6475,2278.870117,52.5,99.510002,4.7,2.43,1.21,5.93,2.008264463,2.440329218,0.034211669,0.018508232,0.022405771,0.008742776,0.02698138,0.024066347,0.01933558,0.020089716,0.016575637
2/1/17,250.998,101.1,2.704,2363.639893,53.47,101.120003,4.6,2.42,1.2,5.8,2.016666667,2.396694215,0.033583488,0.018696128,0.021151789,0.008874011,0.027662638,0.024111152,0.018746172,0.020247171,0.016822791
3/1/17,250.944,101.4,2.6465,2362.719971,49.33,100.349998,4.4,2.48,1.31,5.9,1.893129771,2.379032258,0.034313505,0.01862435,0.020845594,0.008615039,0.027540409,0.02393589,0.018870094,0.020705943,0.016806569
4/1/17,251.227,101.6,2.5965,2384.199951,51.06,99.050003,4.4,2.3,1.24,5.85,1.85483871,2.543478261,0.034820164,0.018659449,0.020048985,0.008465468,0.027710693,0.024186917,0.018935577,0.020931245,0.016781742
5/1/17,251.43,102,2.577,2411.800049,48.48,96.919998,4.4,2.3,1.3,5.52,1.769230769,2.4,0.034800079,0.018933979,0.019118388,0.008269009,0.027604018,0.024335415,0.018722413,0.02150979,0.017276395
6/1/17,251.746,102.1,2.699,2423.409912,45.18,95.660004,4.3,2.19,1.34,5.53,1.634328358,2.525114155,0.034197197,0.018418638,0.01900555,0.008765401,0.028726448,0.024546096,0.018977465,0.020804823,0.016727877
7/1/17,251.985,102.3,2.888,2470.300049,46.63,92.860001,4.3,2.32,1.37,5.82,1.693430657,2.50862069,0.034195605,0.018194007,0.019133034,0.008745417,0.02841233,0.02415088,0.018904406,0.021320005,0.016808299
8/1/17,252.535,102.4,3.079,2471.649902,48.04,92.669998,4.4,2.21,1.34,5.47,1.649253731,2.475113122,0.033540973,0.017983555,0.018074886,0.008604778,0.028894452,0.024190691,0.019042772,0.021930915,0.017351512
9/1/17,252.812,102.6,2.9375,2519.360107,49.82,93.080002,4.3,2.2,1.38,5.64,1.594202899,2.563636364,0.033176908,0.017516844,0.019538185,0.008875143,0.028605613,0.024725655,0.019372834,0.021691562,0.016553642
10/1/17,253.526,103.1,3.092,2575.26001,51.58,94.550003,4.2,2.36,1.55,5.43,1.522580645,2.300847458,0.033144938,0.016854074,0.018954983,0.00893095,0.02777239,0.024369522,0.019686382,0.022603117,0.016826218
11/1/17,253.816,103.4,3.037,2647.580078,56.64,93.010002,4.2,2.35,1.7,5.54,1.382352941,2.357446809,0.033872752,0.017307717,0.018760292,0.008987448,0.027799779,0.024691377,0.019330392,0.022296534,0.016806055
12/1/17,254.344,103.7,3.2785,2673.610107,57.88,92.120003,4.1,2.4,1.84,5.78,1.304347826,2.408333333,0.034367544,0.017525354,0.01955658,0.00906799,0.027377589,0.024966546,0.019549338,0.022199972,0.015634199
1/1/18,255.204,103.4,3.184,2823.810059,63.7,89.129997,4,2.58,2.03,5.69,1.270935961,2.205426357,0.035546503,0.016864425,0.019180028,0.009148604,0.027620598,0.024906861,0.019249511,0.022498204,0.014341781
2/1/18,255.711,103.7,3.1075,2713.830078,62.23,90.610001,4.1,2.86,2.18,6.29,1.311926606,2.199300699,0.035703951,0.016209477,0.017794938,0.009240882,0.027448111,0.024915084,0.018973243,0.023314194,0.014344085
3/1/18,256.271,103.9,3.019,2640.870117,62.73,89.970001,4,2.84,2.28,6.2,1.245614035,2.183098592,0.035815387,0.016506234,0.018601644,0.009101586,0.027383775,0.024915113,0.018688997,0.023063753,0.015299994
4/1/18,256.63,104.2,3.0525,2648.050049,66.25,91.839996,4,2.87,2.38,6.25,1.205882353,2.177700348,0.036568132,0.015779625,0.020312487,0.009037399,0.02759805,0.024155205,0.018661234,0.023015283,0.01556954
5/1/18,257.145,104.3,3.058,2705.27002,69.98,93.989998,3.8,2.98,2.51,6.29,1.187250996,2.110738255,0.036505728,0.015203994,0.02047818,0.008759235,0.027063573,0.024371111,0.018641401,0.024056537,0.015071739
6/1/18,257.399,104.6,2.951,2718.370117,67.87,94.629997,4,2.91,2.53,6.2,1.150197628,2.130584192,0.037644459,0.015822059,0.020495562,0.008564741,0.027377366,0.023431709,0.018602691,0.023877607,0.01542116
7/1/18,257.699,104.9,2.819,2816.290039,70.98,94.489998,3.8,2.89,2.61,6.54,1.107279693,2.262975779,0.03699049,0.015876534,0.020090349,0.008689785,0.02815742,0.024287321,0.018469182,0.023528453,0.015122748
8/1/18,257.891,105.3,2.645,2901.52002,68.06,95.139999,3.8,2.89,2.64,6.2,1.09469697,2.14532872,0.037736713,0.015470578,0.018822558,0.008549201,0.028513516,0.023629057,0.017788608,0.024344345,0.014867607
9/1/18,258.368,105.3,2.787,2913.97998,70.23,95.190002,3.7,3,2.77,6.24,1.083032491,2.08,0.037774667,0.015556503,0.019200497,0.00832405,0.029230338,0.024040322,0.017394529,0.024235593,0.014708054
10/1/18,258.917,105.3,2.6635,2711.73999,70.75,97.129997,3.8,3.15,2.86,6.18,1.101398601,1.961904762,0.036491832,0.017051464,0.018295173,0.008523234,0.029281076,0.023025841,0.016975238,0.023958376,0.016117171
11/1/18,259.439,105.5,2.7775,2760.169922,56.96,97.269997,3.8,3.12,2.86,6.78,1.090909091,2.173076923,0.036739501,0.017132951,0.017693152,0.008593539,0.031092711,0.023482945,0.017311393,0.023076074,0.016394731
12/1/18,260.063,105.9,2.628,2506.850098,49.52,96.169998,3.9,2.83,2.68,7.08,1.055970149,2.501766784,0.037233596,0.017182584,0.017057775,0.008408913,0.031032475,0.023099929,0.017747879,0.023279642,0.017330375
1/1/19,260.766,105.9,2.789,2704.100098,51.38,95.580002,4,2.71,2.54,6.98,1.066929134,2.575645756,0.037923696,0.01674794,0.017586492,0.008489336,0.030152218,0.023861941,0.017374932,0.023078775,0.01662483
2/1/19,261.186,106,2.95,2784.48999,54.95,96.160004,3.8,2.68,2.5,6.71,1.072,2.503731343,0.037312961,0.016553817,0.017472387,0.00842858,0.029598192,0.024648595,0.017410979,0.023961199,0.01680823
3/1/19,261.567,106.1,2.936,2834.399902,58.15,97.279999,3.8,2.57,2.41,6.29,1.066390041,2.447470817,0.037995813,0.016884035,0.017530004,0.008068241,0.029217137,0.023936222,0.017318697,0.024661784,0.016973188
4/1/19,261.997,105.8,2.9015,2945.830078,63.86,97.480003,3.7,2.53,2.34,6.28,1.081196581,2.482213439,0.038555877,0.016708615,0.016864356,0.008460545,0.027349023,0.023945529,0.017249067,0.025239234,0.016482757
5/1/19,262.217,106,2.646,2752.060059,60.83,97.75,3.6,2.4,2.21,6.32,1.085972851,2.633333333,0.03813239,0.017234238,0.016047523,0.0084066,0.028625263,0.023673251,0.016953051,0.024675416,0.017505057
6/1/19,262.739,106.1,2.7055,2941.76001,54.66,96.129997,3.6,2.07,1.81,6.63,1.143646409,3.202898551,0.038461616,0.016964425,0.016423164,0.008387778,0.028545193,0.023900795,0.017693819,0.02514755,0.016898038
7/1/19,263.28,106.1,2.658,2980.379883,57.35,98.519997,3.7,2.06,1.84,5.89,1.119565217,2.859223301,0.038447319,0.017136756,0.015953366,0.008474066,0.027719098,0.023712971,0.017416777,0.025690009,0.016656693
8/1/19,263.877,106.6,2.533,2926.459961,54.81,98.919998,3.6,1.63,1.57,5.73,1.038216561,3.515337423,0.038785958,0.01783133,0.014894658,0.008223895,0.028062559,0.023510607,0.017236012,0.025761675,0.017826729
9/1/19,264.388,106.6,2.5645,2976.73999,56.95,99.379997,3.5,1.7,1.65,5.59,1.03030303,3.288235294,0.038615636,0.017837142,0.015219175,0.008452217,0.027559426,0.023809522,0.017483689,0.025724882,0.018270746
10/1/19,264.97,106.3,2.633,3037.560059,53.96,97.349998,3.6,1.71,1.55,5.81,1.103225806,3.397660819,0.037889487,0.017406002,0.014602051,0.008490056,0.028392006,0.02359729,0.017130675,0.026192775,0.0177694
11/1/19,265.548,106.7,2.6409,3140.97998,57.03,98.269997,3.6,1.81,1.61,5.71,1.124223602,3.154696133,0.037127049,0.017064083,0.014347848,0.008625328,0.028830752,0.023846377,0.017093324,0.026689655,0.016863371
12/1/19,266.02,106.5,2.7959,3230.780029,59.88,96.389999,3.6,1.86,1.61,5.3,1.155279503,2.849462366,0.037092471,0.016990049,0.014789646,0.00860439,0.029003499,0.023136941,0.017093895,0.02706893,0.016934122
1/1/20,266.698,106.8,2.516,3225.52002,57.52,97.389999,3.6,1.76,1.52,5.17,1.157894737,2.9375,0.03712333,0.017071797,0.013185334,0.00838882,0.028275044,0.023072267,0.016065249,0.028195581,0.018106169
2/1/20,267.402,107.3,2.5423,2954.219971,50.54,98.129997,3.5,1.5,1.33,6.07,1.127819549,4.046666667,0.037463178,0.017108412,0.01219529,0.008128947,0.028838268,0.022697153,0.016046163,0.028537317,0.017820137
3/1/20,267.068,104.6,2.2255,2584.590088,29.21,99.050003,4.4,0.87,0.45,5.58,1.933333333,6.413793103,0.03643487,0.018473331,0.009148279,0.007336941,0.031681145,0.021110981,0.01577384,0.029820532,0.018332675
4/1/20,265.796,93.2,2.3525,2912.429932,16.55,99.019997,14.8,0.66,0.22,8.42,3,12.75757576,0.038438951,0.017534545,0.010616067,0.007127131,0.0316539,0.020385516,0.016124091,0.030098946,0.016812227
5/1/20,265.461,96,2.4265,3044.310059,28.56,98.339996,13.2,0.67,0.17,8.13,3.941176471,12.13432836,0.039167533,0.017054238,0.010359299,0.007003876,0.031278602,0.02055331,0.016487065,0.030861517,0.016766486
6/1/20,265.839,100,2.7125,3100.290039,38.31,97.389999,11,0.73,0.19,6.05,3.842105263,8.287671233,0.039642533,0.016708684,0.010060804,0.006841457,0.02996362,0.020580346,0.016542532,0.032410123,0.015694515
7/1/20,267.373,101.8,2.8495,3271.120117,40.71,93.489998,10.2,0.62,0.15,5.62,4.133333333,9.064516129,0.040305365,0.016932524,0.009076888,0.006733561,0.029948302,0.020365861,0.016794349,0.032463764,0.016034727
8/1/20,268.39,102.8,3.0285,3500.310059,42.34,92.139999,8.4,0.65,0.14,5.39,4.642857143,8.292307692,0.041265209,0.01655067,0.008393097,0.006562389,0.028711387,0.020645588,0.016378553,0.033942558,0.014595604
9/1/20,268.9,103.4,3.017,3363,39.63,93.889999,7.8,0.68,0.13,5.54,5.230769231,8.147058824,0.04214973,0.016937923,0.00745978,0.00659658,0.029232065,0.021341948,0.017304295,0.033443613,0.015355805
10/1/20,269.28,104.2,3.0525,3269.959961,39.4,94.040001,6.8,0.79,0.15,5.73,5.266666667,7.253164557,0.042166341,0.01691982,0.007356954,0.006725082,0.028975031,0.021632701,0.017668014,0.032673956,0.016590605
11/1/20,269.967,104.2,3.438,3621.629883,40.94,91.870003,6.7,0.87,0.17,4.79,5.117647059,5.505747126,0.041877202,0.01641784,0.008502124,0.007095096,0.028240806,0.022662593,0.017924362,0.032859556,0.015090075
12/1/20,270.34,104.5,3.519,3756.070068,47.02,89.940002,6.7,0.93,0.14,4.57,6.642857143,4.913978495,0.041358615,0.016091559,0.008565084,0.007272549,0.028264141,0.022071445,0.017711691,0.033439211,0.014640233
1/1/21,270.422,105,3.556,3714.23999,52,90.580002,6.4,1.08,0.13,4.35,8.307692308,4.027777778,0.042144365,0.01546216,0.008986067,0.007222233,0.028983068,0.02136722,0.017478161,0.033532309,0.014675241
2/1/21,270.813,104,4.0945,3811.149902,59.04,90.93,6.2,1.26,0.12,4.39,10.5,3.484126984,0.040854688,0.014883242,0.010724236,0.007855499,0.027651848,0.022258505,0.017735427,0.033125756,0.013429916
3/1/21,271.461,105.5,4.003,3972.889893,62.33,93.230003,6.1,1.61,0.15,4.53,10.73333333,2.813664596,0.040939325,0.015490647,0.010593284,0.007976715,0.027594405,0.023271253,0.018304798,0.032360813,0.014242614
4/1/21,273.665,105.7,4.479,4181.169922,61.72,91.279999,6.1,1.64,0.16,4.35,10.25,2.652439024,0.041411222,0.014992655,0.010133298,0.008071299,0.027250738,0.022893633,0.018328833,0.032344008,0.014099482
5/1/21,275.494,105.8,4.676,4204.109863,65.17,89.839996,5.8,1.62,0.16,4.2,10.125,2.592592593,0.039785712,0.01517443,0.010653426,0.008410246,0.027609101,0.02348128,0.019155187,0.031868186,0.013694682
6/1/21,277.585,106.2,4.2965,4297.5,71.38,92.440002,5.9,1.52,0.2,4.29,7.6,2.822368421,0.040266579,0.014763852,0.010863171,0.007977417,0.027630052,0.022447388,0.01775265,0.033322507,0.013101231
7/1/21,278.612,106.6,4.4805,4395.259766,72.49,92.169998,5.4,1.32,0.22,3.98,6,3.015151515,0.039785509,0.014753188,0.00973823,0.00776384,0.02834536,0.022153873,0.017718406,0.033847885,0.013364931
8/1/21,278.993,106.7,4.36,4522.680176,67.73,92.629997,5.1,1.28,0.22,4.2,5.818181818,3.28125,0.039354623,0.01448791,0.00927417,0.007933518,0.028184629,0.02176926,0.017545071,0.034065069,0.013494385
9/1/21,279.71,106.7,4.09,4307.540039,71.65,94.25,4.7,1.37,0.24,4.01,5.708333333,2.927007299,0.040435614,0.014581878,0.010607062,0.008176283,0.027959286,0.02146689,0.017097124,0.033677714,0.013305049
10/1/21,281.623,107.4,4.368,4605.379883,81.48,94.120003,4.5,1.58,0.39,4.31,4.051282051,2.727848101,0.042394007,0.014116315,0.010945756,0.008203798,0.027490491,0.021443286,0.017206288,0.034075449,0.013034864
11/1/21,283.393,107.8,4.278,4567,79.15,95.989998,4.1,1.56,0.51,4.39,3.058823529,2.814102564,0.043449497,0.014043149,0.010484606,0.007800129,0.026874252,0.020853664,0.017255076,0.035891321,0.012920453
12/1/21,285.221,107.7,4.4635,4766.180176,71.71,95.669998,3.9,1.47,0.68,4.3,2.161764706,2.925170068,0.041696081,0.014863096,0.010346176,0.007725613,0.028073884,0.021060741,0.017787791,0.035508219,0.013580083
1/1/22,286.811,108.1,4.3245,4515.549805,83.22,96.540001,4,1.76,0.98,4.5,1.795918367,2.556818182,0.039814707,0.015456123,0.012970713,0.008156502,0.02760039,0.021164533,0.01749868,0.034913921,0.013867249
2/1/22,288.287,108.3,4.4445,4373.939941,91.64,96.709999,3.8,1.93,1.44,5.57,1.340277778,2.886010363,0.039432472,0.015731787,0.014337262,0.008304161,0.028218228,0.021665392,0.017836323,0.034286248,0.014043328
3/1/22,289.041,108.2,4.751,4530.410156,108.5,98.309998,3.6,2.13,1.91,5.46,1.115183246,2.563380282,0.039755826,0.015459007,0.01513474,0.008006935,0.028806912,0.021635912,0.018273991,0.034209348,0.014960944
4/1/22,290.515,108.4,4.4035,4131.930176,101.78,102.959999,3.7,2.75,2.54,6.35,1.082677165,2.309090909,0.03837791,0.01734072,0.016314279,0.007906244,0.030040246,0.021916438,0.019327147,0.033375997,0.015698793
5/1/22,292.072,108.3,4.296,4132.149902,109.55,101.75,3.6,2.9,2.62,7.01,1.106870229,2.417241379,0.036410899,0.016631822,0.018929198,0.008125748,0.030485918,0.021813917,0.019553407,0.033145311,0.016374251
6/1/22,293.972,108.1,3.7125,3785.379883,114.84,104.690002,3.6,3.14,3,7.12,1.046666667,2.267515924,0.035440494,0.017729272,0.017135325,0.007906757,0.032410745,0.022057996,0.01838707,0.032832804,0.016999238
7/1/22,295.055,108.7,3.584,4130.290039,101.62,105.900002,3.5,2.9,3.04,8.32,0.953947368,2.868965517,0.038470114,0.01676876,0.017221909,0.007767216,0.03066778,0.022137132,0.017888811,0.034138818,0.016428302
8/1/22,296.569,109.1,3.519,3955,93.67,108.699997,3.6,2.9,3.25,7.51,0.892307692,2.589655172,0.038369091,0.017187539,0.01846224,0.007952655,0.030178929,0.022463212,0.01803129,0.03343693,0.017246901
9/1/22,298.284,109.3,3.43,3585.620117,84.26,112.120003,3.5,3.52,3.86,7.99,0.911917098,2.269886364,0.038848669,0.017416314,0.01841761,0.00810034,0.032442803,0.022192798,0.018038574,0.032467854,0.016877574
10/1/22,299.351,109.4,3.375,3871.97998,87.55,111.529999,3.6,3.98,4.38,9.32,0.908675799,2.341708543,0.036374572,0.017580839,0.021313456,0.008395683,0.032930937,0.023406964,0.018195398,0.03236757,0.015932354
11/1/22,300.292,109.3,3.7385,4080.110107,84.37,105.949997,3.6,3.89,4.5,8.65,0.864444444,2.223650386,0.035031955,0.017704699,0.020484684,0.008513737,0.032727132,0.023948083,0.019288117,0.032659827,0.016172436
12/1/22,301.423,109.3,3.81,3839.5,76.44,103.519997,3.5,3.62,4.29,8.3,0.843822844,2.29281768,0.032985265,0.018301031,0.021104696,0.008574957,0.034125023,0.024687966,0.019365675,0.031857017,0.017100944
1/1/23,302.709,109.7,4.2285,4076.600098,78.12,102.099998,3.4,3.53,4.21,7.82,0.83847981,2.21529745,0.035766749,0.017049342,0.02043624,0.008633534,0.031551167,0.024113885,0.019875907,0.032781804,0.015784207
2/1/23,304.124,109.7,4.0935,3970.149902,76.83,104.870003,3.6,3.75,4.53,7.93,0.82781457,2.114666667,0.035945302,0.017100511,0.019528157,0.008661339,0.030893398,0.024546506,0.019728937,0.033799417,0.015247972
3/1/23,305.112,109.7,4.0876,4109.310059,73.28,102.510002,3.5,3.66,4.3,8.81,0.851162791,2.407103825,0.035791373,0.017218497,0.018867848,0.007569074,0.030503193,0.023862073,0.018870013,0.03620047,0.01545434
4/1/23,306.539,109.8,3.87,4169.47998,79.45,101.669998,3.4,3.46,4.02,8.35,0.860696517,2.413294798,0.034878575,0.017590123,0.01911192,0.007696516,0.031008124,0.023243445,0.018572336,0.035635531,0.015521593
5/1/23,307.646,110.1,3.637,4179.830078,71.58,104.32,3.7,3.57,4.13,8.36,0.86440678,2.341736695,0.035674597,0.016465766,0.017152091,0.007351103,0.029610977,0.022455535,0.017254457,0.038717163,0.0145741
6/1/23,308.245,110.5,3.7515,4450.379883,70.25,102.910004,3.6,3.75,4.64,8.35,0.808189655,2.226666667,0.037603536,0.015895959,0.017223071,0.007360998,0.02899577,0.023463847,0.01798904,0.038564597,0.013906583
7/1/23,308.945,111,4.008,4588.959961,76.07,101.860001,3.5,3.9,4.83,8.35,0.807453416,2.141025641,0.037311965,0.01574432,0.018001415,0.007481769,0.028420981,0.023412572,0.01804578,0.038365868,0.01382255
8/1/23,309.656,111.1,3.794,4507.660156,81.39,103.620003,3.8,4.17,4.9,8.36,0.851020408,2.004796163,0.037322467,0.015395615,0.01862775,0.007411903,0.028730841,0.023362114,0.017764734,0.03846873,0.013209542
9/1/23,310.644,111.3,3.7315,4288.049805,89.43,106.169998,3.8,4.38,5.02,8.28,0.87250996,1.890410959,0.037063506,0.015409216,0.020052371,0.007550881,0.029308534,0.023097962,0.017782083,0.037819121,0.013102551
10/1/23,311.39,111.3,3.6415,4567.8,85.64,106.660004,3.8,4.8,5.07,9.39,0.946745562,1.95625,0.032874299,0.014265784,0.017741354,0.006915338,0.026615961,0.02103743,0.016163874,0.035520252,0.012458728
11/1/23,312.349,111.5,3.7229,4668.815,77.69,103.5,3.7,4.5,4.88,8.82,0.922131148,1.96,0.035690173,0.01453302,0.017233209,0.007505848,0.027455636,0.022400682,0.017134425,0.039233166,0.012816087
12/1/23,313.209,111.7,3.828,4769.83,71.9,101.330002,3.7,4.02,4.46,8.18,0.901345291,2.034825871,0.037076561,0.014610978,0.016881266,0.007732888,0.028036791,0.023475492,0.017530192,0.040008534,0.012777853
1/1/24,314.438,111.6,3.9068,4845.65,74.15,103.269997,3.7,4.06,4.32,7.75,0.939814815,1.908866995,0.034886013,0.014560068,0.016531899,0.007846726,0.02840755,0.022885178,0.01658414,0.040446468,0.012204533
2/1/24,315.565,111.7,3.8348,5096.27,77.25,104.160004,3.9,4.21,4.54,7.78,0.927312775,1.847980998,0.035788423,0.014134519,0.016233385,0.007764978,0.027864848,0.023322967,0.016794755,0.040266685,0.011727095
3/1/24,316.698,112,4.0142,5248.49,81.28,104.35,3.8,4.21,4.59,7.63,0.917211329,1.812351544,0.034727959,0.014180319,0.017415497,0.007902105,0.027700033,0.02364772,0.017362498,0.039407496,0.01213738
4/1/24,317.622,112.3,4.5645,5035.6899,85.35,106.22,3.9,4.54,4.87,7.68,0.932238193,1.691629956,0.0345677,0.014613101,0.017980334,0.00789189,0.02742442,0.023778243,0.017266304,0.038706281,0.012860323
5/1/24,318.14,112.4,4.4114,5277.5098,80.12,104.67,4,4.48,4.86,7.59,0.9218107,1.694196429,0.033049516,0.014283332,0.017097756,0.007769096,0.026796226,0.023060254,0.017014219,0.039546452,0.013370555
6/1/24,318.346,112.6,4.3915,5460.48,79.77,105.87,4.1,4.31,4.74,7.71,0.9092827,1.788863109,0.033180489,0.013772269,0.016291152,0.007442548,0.026370724,0.022067158,0.015941187,0.041216117,0.012206285
7/1/24,318.872,112.5,4.1765,5522.2998,81.8,104.1,4.3,4.25,4.5,7.26,0.944444444,1.708235294,0.033724611,0.013843936,0.016472841,0.007830038,0.026769669,0.022892599,0.01644636,0.039416228,0.012893295
8/1/24,319.768,112.7,4.145,5648.3999,76.68,101.7,4.2,3.87,3.97,7.32,0.974811083,1.891472868,0.032906639,0.014345052,0.015771612,0.008005266,0.02749612,0.023011694,0.016452644,0.038805735,0.01321157
9/1/24,320.767,112.9,4.496,5762.48,70.24,100.78,4.1,3.72,3.62,6.99,1.027624309,1.879032258,0.034610448,0.01421973,0.014992803,0.00780293,0.02650506,0.023314475,0.016559727,0.039044931,0.013805103
10/1/24,321.666,112.8,4.3135,5705.4502,71.99,103.98,4.1,4.1,3.97,6.95,1.032745592,1.695121951,0.034349288,0.013863527,0.015278915,0.008082644,0.025527264,0.023267606,0.016206385,0.038820351,0.013792928
11/1/24,322.657,113,4.0805,6032.3799,69.95,105.74,4.2,4.36,4.26,6.99,1.023474178,1.603211009,0.036680456,0.013619518,0.01558292,0.008443926,0.024232563,0.023677281,0.015556207,0.03861472,0.013538427
12/1/24,323.383,114.1,3.986,5881.6299,70.12,108.49,4.1,4.39,4.23,6.83,1.037825059,1.555808656,0.038039486,0.013294919,0.014451282,0.008187372,0.023299632,0.022333349,0.01423769,0.039463971,0.012778188
1/1/25,324.739,114.3,4.262,6040.5298,75.74,108.37,4,4.63,4.27,7.43,1.084309133,1.60475162,0.038329866,0.013006119,0.01439638,0.008489938,0.024220385,0.022833482,0.014629307,0.038143253,0.012802044
2/1/25,325.475,114.7,4.5145,5954.5,71.53,107.61,4.1,4.45,4.21,7.06,1.057007126,1.586516854,0.036168814,0.013878956,0.015164289,0.008731406,0.024914941,0.022825175,0.014835656,0.037809173,0.013210461
3/1/25,325.659,114.4,5.0381,5611.8501,68.24,104.21,4.2,4.28,3.97,6.98,1.078085642,1.630841121,0.035186258,0.014553133,0.016652262,0.008875861,0.026018157,0.023355935,0.015321151,0.036793569,0.014050624
4/1/25,326.43,114.8,4.5746,5569.0601,63.54,99.47,4.2,4.28,3.78,8.46,1.132275132,1.976635514,0.035420698,0.014693683,0.014454863,0.008755517,0.025223287,0.023562324,0.015063583,0.037702951,0.014167562
5/1/25,326.43,114.8,4.5746,5994,63.54,98.74,4.2,4.5,3.92,7.58,1.147959184,1.684444444,0.035669003,0.013818819,0.013601935,0.008501835,0.022128795,0.023827162,0.014404404,0.038523524,0.013667
6/1/25,326.43,114.8,4.5746,6000,62.01,98.74,4.2,4.391,3.912,7.58,1.122443763,1.726258256,0.035716667,0.013813333,0.013766666,0.008496667,0.02212,0.023773333,0.014475,0.038824999,0.013696667
