"t","CPI_U_All_Items_Less_Food_Energy","Coincident_Index","Copper_ETF","SnP500_ETF","Spot_Oil_Price_West_Texas_Intermediate","US_Dollar_Index","Unemployment_Rate","X10_Year_Treasury_Note_Yield","X2_Year_Treasury_Note_Yield","High_Yield_Effective_Yield","Term","Risk.P","XLY","XLP","XLE","XLF","XLV","XLI","XLB","XLK","XLU"
1999-12-01,0.0186,0.0404,0.2506,0.1784,0.8381,0.0786,-0.0953,0.3005,0.302,0.0892,-0.0015,-0.2113,0,-0.3331,-0.0208,-0.1506,0,0.0157,0.0296,0.3198,-0.2257
2000-01-01,0.0209,0.0427,0.2743,0.0859,0.7792,0.09,-0.0723,0.3443,0.3321,0.0911,0.0123,-0.2533,-0.0853,-0.2253,0.1492,-0.1164,0.0205,0.0412,0.0321,0.204,-0.1259
2000-02-01,0.0214,0.0365,0.2329,0.0984,0.8936,0.0708,-0.0706,0.2654,0.3034,0.0969,-0.038,-0.1686,-0.1582,-0.3469,0.1065,-0.2498,-0.0619,-0.0412,-0.1088,0.3957,-0.2421
2000-03-01,0.0242,0.0412,0.2517,0.1527,0.7124,0.052,-0.0488,0.1798,0.257,0.1291,-0.0772,-0.0507,-0.1223,-0.3618,0.04,-0.1719,-0.0552,0.0163,-0.088,0.3491,-0.1268
2000-04-01,0.0224,0.0447,0.0977,0.0842,0.395,0.0866,-0.1236,0.1453,0.2509,0.158,-0.1057,0.0127,-0.0965,-0.2017,-0.0474,-0.1559,-0.0344,-0.0377,-0.2703,0.3176,-0.0819
2000-05-01,0.0235,0.041,0.2621,0.0873,0.4833,0.059,-0.0488,0.1505,0.2602,0.207,-0.1096,0.0564,-0.1123,-0.1214,0.0886,-0.0774,-0.0276,-0.0299,-0.2091,0.2041,-0.1029
2000-06-01,0.0252,0.0409,0.0711,0.0579,0.5762,0.0381,-0.0723,0.0333,0.1424,0.1616,-0.109,0.1283,-0.1986,-0.0606,0.0374,-0.1382,-0.042,-0.0997,-0.329,0.233,-0.1414
2000-07-01,0.0245,0.0384,0.139,0.074,0.3943,0.0939,-0.0723,0.0439,0.1331,0.1382,-0.0891,0.0942,-0.1243,-0.0718,-0.037,0,-0.042,-0.0606,-0.3219,0.1749,-0.1488
2000-08-01,0.0256,0.0359,0.1301,0.1392,0.3842,0.1192,-0.0241,-0.0187,0.0924,0.1266,-0.1111,0.1452,-0.1918,-0.1785,-0.009,0.0667,-0.0361,-0.0369,-0.3232,0.1716,-0.1304
2000-09-01,0.025,0.0407,0.1132,0.1132,0.3498,0.1391,-0.0741,-0.0205,0.0716,0.0952,-0.0921,0.1157,-0.1563,-0.0104,0.0786,0.1625,-0.0284,-0.0432,-0.3539,0.0041,0
2000-10-01,0.025,0.0322,0.048,0.0476,0.3792,0.1635,-0.05,-0.0625,0.0085,0.1599,-0.071,0.2224,-0.1836,0.0296,0.1372,0.0834,0.0071,0.0664,-0.2331,-0.0173,0.1153
2000-11-01,0.026,0.0274,0.05,-0.0547,0.3204,0.1221,-0.05,-0.0528,0.0034,0.1913,-0.0562,0.2441,-0.1039,0.1686,0.1823,0.1804,0,0.1621,-0.1439,-0.2372,0.2461
2000-12-01,0.0254,0.0214,-0.0071,-0.1069,0.0873,0.0728,-0.0253,-0.181,-0.1312,0.2538,-0.0499,0.4348,-0.079,0.3331,0.3289,0.3365,-0.014,0.1719,-0.0704,-0.437,0.3127
2001-01-01,0.0253,0.0166,0.0053,-0.0206,0.0846,0.05,0.0488,-0.2552,-0.3023,0.156,0.047,0.4112,0.0726,0.1713,0.2052,0.2877,-0.0068,0.1702,-0.0541,-0.284,0.1782
2001-02-01,0.0275,0.0166,0.0288,-0.0971,0.0088,0.0559,0.0241,-0.2456,-0.3496,0.0859,0.1039,0.3316,0.1398,0.3724,0.3027,0.4055,0.1201,0.2513,0.1393,-0.5937,0.4191
2001-03-01,0.0258,0.0095,-0.0533,-0.2558,-0.0928,0.1072,0.0723,-0.247,-0.4085,0.0292,0.1615,0.2762,0.1522,0.4224,0.3095,0.3629,0.1201,0.1769,0.1591,-0.6353,0.4581
2001-04-01,0.0263,0.0012,-0.0302,-0.1505,0.0629,0.0505,0.1466,-0.153,-0.4141,0.0967,0.2611,0.2498,0.1087,0.2758,0.3281,0.2816,0.0998,0.1629,0.1881,-0.4922,0.3207
2001-05-01,0.0251,0,-0.0755,-0.1233,-0.0049,0.0908,0.0723,-0.178,-0.4691,0.0321,0.2911,0.2101,0.1611,0.1948,0.1781,0.2703,0.137,0.1798,0.2278,-0.4547,0.3174
2001-06-01,0.0267,-0.0071,-0.1463,-0.1723,-0.1426,0.1114,0.1178,-0.1444,-0.4626,0.0103,0.3182,0.1546,0.2589,0.1452,0.1838,0.3677,0.1703,0.2036,0.329,-0.4837,0.3401
2001-07-01,0.0266,-0.0083,-0.2505,-0.1666,-0.1182,0.0671,0.1398,-0.1437,-0.4506,0.0633,0.3068,0.207,0.2803,0.2103,0.2118,0.2624,0.1582,0.1849,0.3127,-0.5034,0.3151
2001-08-01,0.026,-0.0095,-0.2657,-0.2918,-0.128,0.0073,0.1782,-0.1596,-0.505,0.023,0.3453,0.1826,0.3583,0.3544,0.1883,0.221,0.2053,0.1786,0.4142,-0.6073,0.3668
2001-09-01,0.026,-0.0189,-0.3487,-0.3221,-0.2694,0.002,0.2485,-0.2039,-0.6672,0.127,0.4633,0.3309,0.2505,0.3409,0.1037,0.1823,0.109,0.0778,0.41,-0.5617,0.2583
2001-10-01,0.0259,-0.0154,-0.3034,-0.2992,-0.3984,-0.0155,0.3067,-0.2279,-0.7723,0.065,0.5444,0.2929,0.2935,0.2481,0.1431,0.1484,0.0746,0.0488,0.3275,-0.4164,0.1298
2001-11-01,0.0269,-0.019,-0.1526,-0.1433,-0.559,0.0077,0.3438,-0.2071,-0.7491,-0.0418,0.542,0.1653,0.284,0.0984,-0.0168,0.1102,0.1273,0.0268,0.3314,-0.2069,-0.0465
2001-12-01,0.0274,-0.019,-0.2323,-0.1398,-0.3868,0.0636,0.3795,-0.029,-0.5425,-0.1138,0.5135,-0.0848,0.2581,0.0328,-0.0625,0.0351,0.1318,0.026,0.1542,-0.1263,0
2002-01-01,0.0258,-0.0178,-0.201,-0.1895,-0.408,0.0843,0.3054,-0.0235,-0.4517,-0.0567,0.4282,-0.0331,0.232,0.1542,-0.0163,0.08,0.1033,0.0135,0.2624,-0.2619,0.0785
2002-02-01,0.0252,-0.0178,-0.1262,-0.1137,-0.356,0.0619,0.3054,-0.038,-0.4338,-0.0176,0.3958,0.0204,0.2367,0.0961,-0.038,0.0526,0.0902,0.0194,0.2311,-0.1883,-0.0274
2002-03-01,0.0241,-0.0142,-0.0139,-0.0112,-0.1093,0.0106,0.2819,0.0767,-0.1981,-0.0056,0.2748,-0.0823,0.1575,0.0729,-0.0292,0.0426,0.1129,0.0397,0.2033,-0.1264,-0.0708
2002-04-01,0.0245,-0.0083,-0.0454,-0.1486,-0.0425,-0.0057,0.2933,0.0135,-0.2126,-0.1092,0.2261,-0.1227,0.2219,0.1643,-0.0284,0.1278,0.1738,0,0.1902,-0.2705,-0.036
2002-05-01,0.025,-0.0047,0.0126,-0.1628,-0.0582,-0.0629,0.2992,-0.0436,-0.2675,-0.1211,0.2239,-0.0775,0.2088,0.1478,-0.0215,0.1001,0.1628,-0.0192,0.2157,-0.2539,-0.0357
2002-06-01,0.0223,0.0024,0.0857,-0.2127,-0.0784,-0.1183,0.2538,-0.0686,-0.3108,-0.081,0.2422,-0.0124,0.2102,0.1347,0.0876,0.1054,0.1507,0.0324,0.283,-0.36,-0.009
2002-07-01,0.0218,0.0012,-7e-04,-0.2842,0.0184,-0.0871,0.2318,-0.1195,-0.4562,-8e-04,0.3368,0.1187,0.1153,0.1292,0.0226,0.0976,0.2133,0.0445,0.2378,-0.3169,-0.0846
2002-08-01,0.0233,0.0024,0.0124,-0.213,0.0326,-0.0585,0.1512,-0.1542,-0.5683,0.0393,0.4142,0.1934,0.1622,0.0701,0.0074,0.1216,0.2001,-0.0063,0.1677,-0.2703,-0.0728
2002-09-01,0.0222,0.0071,0.0214,-0.2443,0.1367,-0.06,0.131,-0.2007,-0.4447,-0.0718,0.244,0.1289,0.2386,0.022,0.066,0.08,0.3272,0.0658,0.1899,-0.2359,-0.1678
2002-10-01,0.0216,0.0048,0.1379,-0.1794,0.2616,-0.0743,0.0728,-0.1483,-0.3572,-0.0064,0.2088,0.1419,0.1842,0,-0.0225,0.1216,0.3167,0.0268,0.1503,-0.189,-0.2016
2002-11-01,0.02,0.0107,0.0192,-0.1964,0.2893,-0.0874,0.0702,-0.1382,-0.3701,-0.0255,0.232,0.1127,0.1239,-0.048,0.0968,0.1071,0.2492,0,0.1578,-0.1614,-0.1431
2002-12-01,0.0194,0.0095,0.0409,-0.2661,0.42,-0.1365,0.0513,-0.2335,-0.5249,-0.0813,0.2913,0.1523,0.0616,0.0473,0.107,0.1062,0.2547,-0.0129,0.216,-0.2136,-0.077
2003-01-01,0.0194,0.0095,0.0941,-0.2782,0.5156,-0.1852,0.0174,-0.2187,-0.5547,-0.0985,0.336,0.1202,0.0101,0.0235,0.1305,0.113,0.2769,0.0067,0.1505,-0.2121,-0.0483
2003-02-01,0.0178,0.006,0.082,-0.2744,0.5478,-0.1782,0.0345,-0.2303,-0.6167,-0.071,0.3864,0.1593,-0.0099,-0.031,0.1169,0.0976,0.2022,-0.0392,0.0616,-0.0741,-0.1074
2003-03-01,0.0173,0.0059,-0.0486,-0.3022,0.3176,-0.1802,0.0345,-0.3263,-0.8187,-0.106,0.4924,0.2203,0.0297,-0.0157,0.0645,0.0567,0.2073,-0.0263,0.0695,-0.1046,-0.0762
2003-04-01,0.0147,0.0036,-0.0103,-0.1608,0.0727,-0.1699,0.0168,-0.2743,-0.7472,-0.1388,0.4729,0.1355,0.0287,-0.0953,-0.0517,0.0545,0.1059,0.0065,0.0611,-0.0308,-0.0762
2003-05-01,0.0151,0.0047,0.024,-0.1021,0.0406,-0.1813,0.0504,-0.3684,-0.8311,-0.1995,0.4627,0.1689,0.0239,-0.0877,0.0072,0.0465,0.0505,-0.0261,-0.0075,0.0308,-0.037
2003-06-01,0.0146,0.0047,-0.0257,-0.0156,0.1855,-0.1134,0.0827,-0.3924,-0.8883,-0.2569,0.4959,0.1354,0.0094,-0.0567,-0.0502,0.0077,0.0844,-0.0324,-0.073,0.0877,-0.0277
2003-07-01,0.0151,0.0083,0.1885,0.0828,0.1326,-0.1031,0.0667,-0.1556,-0.5547,-0.3897,0.3992,-0.2341,0.0577,-0.1206,-0.038,0.0455,0.0049,-0.038,0.0217,0.1197,-0.04
2003-08-01,0.013,0.0071,0.156,0.0956,0.1072,-0.0867,0.0678,0.0436,-0.1355,-0.3465,0.1792,-0.3901,0.0654,-0.1282,0,0,-0.0554,0,0.0432,0.1664,-0.0785
2003-09-01,0.0125,0.0118,0.2085,0.2002,-0.0476,-0.1406,0.0678,0.0984,-0.1567,-0.388,0.255,-0.4863,0.0047,-0.1566,-0.0509,0.0303,-0.0976,-0.0128,0.0296,0.2359,0
2003-10-01,0.013,0.0141,0.2718,0.1708,0.05,-0.1398,0.0513,0.0851,-0.0875,-0.4962,0.1726,-0.5814,0.0561,-0.1206,-0.0308,0.0375,-0.116,0.0326,0.096,0.1133,0.0518
2003-11-01,0.0109,0.0164,0.2089,0.1224,0.1685,-0.1652,-0.0171,0.0599,0.0052,-0.4573,0.0547,-0.5172,0.0658,-0.0333,-0.0155,0.0458,-0.0764,0.0453,0.0568,0.0288,0.0843
2003-12-01,0.0109,0.0165,0.3992,0.2341,0.0887,-0.1585,-0.0513,0.0578,0.0373,-0.4262,0.0205,-0.484,0.0812,-0.1313,0,0.0305,-0.0953,0.0445,0.0828,0.0982,0
2004-01-01,0.0114,0.0141,0.3849,0.2791,0.0396,-0.1361,-0.0174,0.0244,0.0114,-0.4449,0.013,-0.4693,0.063,-0.1413,-0.0072,0.0301,-0.1131,0.0583,0.0432,0.1116,0
2004-02-01,0.0124,0.0212,0.5498,0.3083,-0.032,-0.1328,-0.0522,0.0451,0.0653,-0.434,-0.0202,-0.4791,0.0624,-0.082,-0.0069,0.0674,-0.1038,0.0392,0.0926,0.0524,0.0404
2004-03-01,0.0155,0.0246,0.6454,0.2835,0.0914,-0.1228,-0.0171,0.0052,0.0063,-0.4126,-0.0011,-0.4179,0.0569,-0.0572,0.0069,0.0831,-0.158,0.0456,0.0858,0.0611,0.0293
2004-04-01,0.0175,0.0258,0.5118,0.1887,0.2614,-0.0715,-0.069,0.0939,0.2451,-0.3292,-0.1512,-0.4232,0.0279,0.0165,0.1278,0.0225,-0.0642,0.0382,0.0506,0.0308,0
2004-05-01,0.017,0.0268,0.4938,0.151,0.3587,-0.0474,-0.0855,0.2792,0.5776,-0.1772,-0.2983,-0.4565,0.0233,0,0.0627,0.0225,-0.0505,0.0703,0.0795,0.0299,-0.0483
2004-06-01,0.0185,0.0233,0.4768,0.1576,0.2132,-0.0646,-0.1178,0.351,0.8082,-0.1179,-0.4572,-0.4689,0.0047,-0.0084,0.1308,0.0152,-0.1054,0.106,0.1211,0.0448,-0.0577
2004-07-01,0.0174,0.0244,0.4694,0.1066,0.2798,-0.0742,-0.1198,0.1228,0.5855,-0.0962,-0.4628,-0.219,-0.0047,0,0.2461,0,-0.0978,0.0924,0.0756,0,0.0785
2004-08-01,0.0169,0.0267,0.467,0.0912,0.3525,-0.098,-0.1219,-0.039,0.2997,-0.1757,-0.3387,-0.1368,-0.0416,0.0169,0.1823,0.0593,-0.0262,0.0673,0.0746,-0.0758,0.1246
2004-09-01,0.0194,0.0255,0.5435,0.1125,0.485,-0.0609,-0.1219,-0.0333,0.3917,-0.1433,-0.4251,-0.11,0.014,-0.0258,0.2726,0.0221,-0.0635,0.0982,0.1426,-0.0597,0.0561
2004-10-01,0.0199,0.0265,0.3633,0.0729,0.5606,-0.0881,-0.087,-0.0453,0.3882,-0.1842,-0.4335,-0.1389,0.009,-0.026,0.3128,0,-0.0606,0.0918,0.0811,-0.0513,0.1411
2004-11-01,0.0219,0.0219,0.4643,0.1037,0.4439,-0.0976,-0.0715,-0.0259,0.3898,-0.1291,-0.4157,-0.1032,0.0135,-0.0522,0.3409,0.0074,-0.0885,0.1022,0.0984,-0.0435,0.1498
2004-12-01,0.0224,0.0389,0.3556,0.0861,0.2984,-0.0724,-0.0541,-0.0094,0.4548,-0.1228,-0.4643,-0.1134,0.036,-0.0088,0.2026,0.0223,-0.0709,0.0719,0.039,-0.0366,0.131
2005-01-01,0.0224,0.031,0.2667,0.0434,0.3125,-0.0422,-0.0728,0.0167,0.6041,-0.0601,-0.5873,-0.0769,0.0414,0.0437,0.2657,0.0074,-0.087,0.0844,0.094,-0.0883,0.164
2005-02-01,0.0228,0.0298,0.1106,0.05,0.3227,-0.0565,-0.0364,0.0218,0.664,-0.072,-0.6422,-0.0938,0.0046,-0.0172,0.3581,-0.0369,-0.0757,0.0976,0.1216,-0.068,0.164
2005-03-01,0.0233,0.0251,0.1061,0.0472,0.3903,-0.0414,-0.1092,0.1612,0.859,-0.057,-0.6978,-0.2182,0.0046,-0.0255,0.3511,-0.0597,-0.0382,0.1085,0.1163,-0.0532,0.1678
2005-04-01,0.0217,0.0285,0.2106,0.0438,0.3685,-0.0692,-0.0741,-0.0023,0.5672,0.0251,-0.5695,0.0274,-0.047,-0.0418,0.2827,-0.0149,-0.0311,0.0723,0.094,-0.0465,0.2524
2005-05-01,0.0217,0.0261,0.1635,0.0613,0.2128,-0.0135,-0.0935,-0.1311,0.3638,0.0361,-0.4948,0.1672,-0.0093,-0.0339,0.2911,-0.0149,-0.0316,0.0599,0.0408,-0.0375,0.2212
2005-06-01,0.0201,0.0317,0.254,0.0433,0.3919,0.0035,-0.1133,-0.1676,0.2768,-0.0226,-0.4444,0.1451,0,-0.0429,0.3132,0.0149,-0.016,-0.0059,-0.0135,-0.0602,0.2752
2005-07-01,0.0206,0.0294,0.2547,0.1135,0.3665,-0.0068,-0.0953,-0.0738,0.3825,-0.0768,-0.4562,-0.003,0.0232,-0.026,0.2831,-0.0225,-0.0054,-0.0118,-0.0066,-0.0152,0.2118
2005-08-01,0.0211,0.0282,0.2886,0.1,0.3686,-0.0154,-0.0972,-0.0047,0.476,-0.0429,-0.4806,-0.0382,0.0047,-0.0517,0.3762,-0.0593,-0.0161,-0.0179,-0.0537,0.0386,0.1883
2005-09-01,0.0191,0.0204,0.2521,0.0976,0.3556,0.0244,-0.077,0.0168,0.4455,0.0309,-0.4287,0.0141,-0.0474,-0.0087,0.347,-0.0372,0,-0.0177,-0.0859,0.0077,0.234
2005-10-01,0.0205,0.0225,0.3415,0.0658,0.1603,0.059,-0.0953,0.0842,0.5038,0.1302,-0.4196,0.046,-0.0797,0.0087,0.2776,0.0146,0.028,-0.0177,-0.0397,-0.0228,0.1466
2005-11-01,0.021,0.0292,0.3632,0.0625,0.1849,0.1126,-0.077,0.0802,0.4388,0.1291,-0.3587,0.0489,-0.0793,0,0.2276,0.0364,0.0229,-0.0173,-0.0382,-0.0074,0.0993
2005-12-01,0.0209,0.0178,0.3754,0.0296,0.316,0.1201,-0.0972,0.0552,0.3797,0.1716,-0.3245,0.1165,-0.0975,0,0.3082,0.029,0.0333,0,0.0127,-0.0303,0.1236
2006-01-01,0.0209,0.0312,0.424,0.0803,0.3355,0.0621,-0.1201,0.0463,0.3122,0.1334,-0.266,0.0871,-0.0895,-0.0617,0.36,0.0146,0.028,-0.0234,0.0377,0.0077,0.0729
2006-02-01,0.0208,0.0333,0.3764,0.0621,0.2506,0.0881,-0.1178,0.0916,0.3233,0.1303,-0.2317,0.0387,-0.0523,-0.0354,0.1274,0.0584,0.0277,0.0116,-0.0431,0.0232,0.0884
2006-03-01,0.0208,0.0355,0.499,0.0924,0.1468,0.0653,-0.1011,0.0477,0.2375,0.1486,-0.1897,0.1009,-0.0664,-0.0531,0.1569,0.0669,-0.0112,0.0282,0,0.0383,0
2006-04-01,0.0227,0.031,0.8038,0.1248,0.273,0.0197,-0.1011,0.1396,0.2925,0.0396,-0.1529,-0.1,-0.0194,-0.0617,0.2282,0.0795,-0.1054,0.0565,0.0741,0.0235,-0.0554
2006-05-01,0.0241,0.0298,0.904,0.0639,0.3532,-0.0353,-0.1032,0.2105,0.3114,-0.0173,-0.1009,-0.2277,-0.0379,-0.0174,0.2372,0.0725,-0.0836,0.0674,0.1074,-0.0469,0.0235
2006-06-01,0.0261,0.0253,0.8015,0.0641,0.2321,-0.0446,-0.0834,0.2449,0.3412,0.065,-0.0963,-0.1799,-0.0381,0.0174,0.1925,0.0506,-0.0783,0.091,0.1276,-0.0395,-0.0075
2006-07-01,0.0265,0.0242,0.7605,0.0338,0.2372,-0.0464,-0.0619,0.197,0.2799,0.1213,-0.083,-0.0756,-0.0962,0.026,0.1869,0.0939,-0.0164,0.0293,0.0645,-0.0877,0.0521
2006-08-01,0.0279,0.0242,0.7077,0.0662,0.1172,-0.0293,-0.0417,0.1359,0.193,0.1022,-0.0572,-0.0337,-0.073,0.0517,0.0415,0.0876,-0.0163,0.0297,0.1109,-0.0465,0.0294
2006-09-01,0.0289,0.032,0.6524,0.0835,-0.0263,-0.0405,-0.1054,0.1167,0.1886,0.0299,-0.0719,-0.0868,0,0.0174,-0.075,0.0939,-0.011,0.0293,0.0859,-0.0232,-0.0441
2006-10-01,0.0273,0.0285,0.565,0.1324,-0.0576,-0.0542,-0.1278,0.0588,0.117,-0.025,-0.0582,-0.0838,0.0336,0,0.0129,0.0426,-0.028,0.0293,0.0904,-0.0077,0.0299
2006-11-01,0.0258,0.024,0.4242,0.1142,0.0182,-0.0992,-0.1054,0.0131,0.0699,-0.0352,-0.0567,-0.0483,0.0287,0,0.0969,0.0212,-0.0229,0.0116,0.081,-0.0226,0.0758
2006-12-01,0.0258,0.0261,0.2765,0.1277,0.0428,-0.0852,-0.1076,0.0199,0.0596,-0.0735,-0.0397,-0.0935,0.0383,0,0.0384,0.042,-0.062,0,0.0431,-0.0155,0.0602
2007-01-01,0.0262,0.0206,0.1447,0.1165,-0.1827,-0.0501,-0.0215,0.0741,0.1035,-0.0611,-0.0294,-0.1352,0.0621,0.0357,-0.0976,0.0564,-0.0337,0.0292,0.0482,-0.0154,0.0458
2007-02-01,0.0268,0.0205,0.2236,0.094,-0.0392,-0.0753,-0.0645,0.0323,0.0378,-0.0677,-0.0055,-0.1,0.0476,0.0354,0,0.0211,-0.0447,0.0114,0.1129,-0.0232,0.1092
2007-03-01,0.0247,0.0205,0.2339,0.0929,-0.0379,-0.0788,-0.066,-0.0345,-0.0344,-0.0755,-1e-04,-0.041,0.0385,0.0531,0.0246,0.0214,-0.0285,-0.0225,0.0986,-0.0383,0.185
2007-04-01,0.0239,0.0226,0.0599,0.1231,-0.0856,-0.0556,-0.0435,-0.062,-0.046,-0.0633,-0.0159,-0.0013,0.0194,0.0357,-0.008,-0.014,0.0401,-0.0335,0.0465,0,0.1918
2007-05-01,0.0224,0.0237,-0.117,0.1866,-0.1114,-0.029,-0.0445,-0.0731,-0.0411,-0.0952,-0.032,-0.0222,0,-0.0177,0.0314,-0.0141,0.023,-0.0275,0.075,0.0469,0.1169
2007-06-01,0.0216,0.0237,-0.0026,0.1685,-0.0503,-0.0395,0,-0.002,-0.0277,-0.1318,0.0258,-0.1298,0.0048,-0.0351,0.0382,-0.0358,0.0058,-0.0054,0.0915,0.0701,0.066
2007-07-01,0.0215,0.0226,0.012,0.1309,-0.0031,-0.0546,0,-0.0178,-0.0604,-0.036,0.0425,-0.0181,0.015,-0.0437,0.0445,-0.1169,-0.0627,0.099,0.1398,0.1325,0.0144
2007-08-01,0.0207,0.0236,-0.0169,0.1227,-0.0091,-0.0514,-0.0215,-0.044,-0.1283,0.0739,0.0843,0.1179,0.0101,-0.0429,0.1151,-0.0876,-0.0565,0.0948,0.1054,0.091,0.0144
2007-09-01,0.0208,0.0225,0.0484,0.1336,0.2243,-0.1009,0.0435,-0.0433,-0.1736,0.0926,0.1303,0.1359,-0.0756,-0.0087,0.2136,-0.1169,-0.0568,0.0937,0.1738,0.0824,0.0513
2007-10-01,0.0213,0.0204,0.0388,0.1173,0.3812,-0.1094,0.066,-0.0432,-0.1898,0.0577,0.1467,0.1009,-0.1201,0,0.2111,-0.1415,-0.023,0.0671,0.1751,0.11,0.0846
2007-11-01,0.0231,0.0182,-0.0046,0.0559,0.4661,-0.0852,0.0435,-0.1029,-0.3501,0.1821,0.2471,0.2851,-0.1308,0.0937,0.1524,-0.1754,0.0507,0.0774,0.1343,0.0593,0.1234
2007-12-01,0.0241,0.0117,0.06,0.0347,0.3912,-0.0876,0.1278,-0.1063,-0.4033,0.2062,0.297,0.3125,-0.1795,0.0848,0.2824,-0.2474,0.0343,0.0937,0.161,0.1108,0.1299
2008-01-01,0.0245,0.0139,0.2416,-0.0424,0.5326,-0.1182,0.0834,-0.2412,-0.6769,0.294,0.4358,0.5352,-0.1335,0.0841,0.235,-0.1714,0.0337,0.0932,0.1575,0.0305,0.1391
2008-02-01,0.0227,0.0064,0.3432,-0.0557,0.4756,-0.1255,0.0852,-0.2327,-0.9009,0.2964,0.6682,0.5291,-0.1342,0.1071,0.3588,-0.2424,0.0447,0.0974,0.1701,0.0232,0.0537
2008-03-01,0.0236,0.0011,0.2062,-0.0716,0.5556,-0.1441,0.1476,-0.2617,-1.0371,0.3423,0.7754,0.6041,-0.1308,0.1368,0.2867,-0.2553,0.0115,0.1378,0.1438,0.0383,0.059
2008-04-01,0.0227,-0.0032,0.1051,-0.0675,0.5652,-0.1163,0.1054,-0.2425,-0.8233,0.3114,0.5808,0.5539,-0.1335,0.1001,0.3359,-0.2373,-0.0519,0.1178,0.1814,0.0455,0.0523
2008-05-01,0.023,-0.0085,0.0929,-0.0889,0.681,-0.1216,0.2048,-0.2023,-0.6663,0.3153,0.464,0.5177,-0.1124,0.1413,0.332,-0.314,-0.0288,0.1009,0.1961,0.0876,0.1047
2008-06-01,0.0236,-0.0118,0.1204,-0.1608,0.6855,-0.1227,0.1967,-0.2183,-0.5866,0.3217,0.3683,0.5399,-0.1453,0.1719,0.4216,-0.3874,0.0341,0.0428,0.211,0.0584,0.216
2008-07-01,0.0243,-0.0161,0.0171,-0.1382,0.5872,-0.098,0.2103,-0.2206,-0.6289,0.2904,0.4083,0.5111,-0.1048,0.2015,0.226,-0.2447,0.1059,0.0156,0.1832,0.0145,0.1643
2008-08-01,0.0247,-0.0215,0.0054,-0.1389,0.4768,-0.0431,0.2822,-0.1827,-0.5772,0.2439,0.3944,0.4266,-0.046,0.1983,0.2173,-0.2801,0.0995,0.0468,0.1777,0.0144,0.146
2008-09-01,0.0241,-0.0367,-0.2288,-0.2693,0.2623,0.022,0.2607,-0.2029,-0.6564,0.2599,0.4535,0.4627,0.0104,0.2723,0.1154,-0.2348,0.1262,0,0.0619,-0.0292,0.121
2008-10-01,0.022,-0.0356,-0.6316,-0.4696,-0.1174,0.113,0.3242,-0.1731,-0.9025,0.6991,0.7294,0.8722,0.0158,0.324,0.083,-0.264,0.1804,0.0108,-0.0369,-0.0572,0.1148
2008-11-01,0.02,-0.0433,-0.665,-0.5024,-0.4991,0.1277,0.3694,-0.1618,-1.0154,0.6915,0.8536,0.8534,-0.0108,0.3353,0.1353,-0.3567,0.1383,-0.0107,-0.0593,-0.0292,0.1877
2008-12-01,0.0175,-0.0545,-0.7758,-0.4859,-0.8048,0.0584,0.3784,-0.5272,-1.3363,0.8748,0.8091,1.402,0.0861,0.3236,-0.0095,-0.3054,0.2209,-0.0053,-0.0912,-0.0502,0.1486
2009-01-01,0.0166,-0.0725,-0.8192,-0.5123,-0.8006,0.1345,0.4447,-0.3948,-1.119,0.6066,0.7241,1.0014,0.0053,0.333,0.1297,-0.5927,0.2821,-0.0483,-0.1003,0.0655,0.2463
2009-02-01,0.0178,-0.0762,-0.9259,-0.5934,-0.8899,0.1773,0.527,-0.2648,-0.6982,0.597,0.4335,0.8618,0.0314,0.3354,-0.009,-0.5843,0.2543,-0.138,-0.1261,0.1552,0.2374
2009-03-01,0.0177,-0.0833,-0.7424,-0.5055,-0.7885,0.1738,0.5341,-0.2189,-0.555,0.6085,0.3361,0.8273,0.0776,0.2571,-0.034,-0.4958,0.2776,-0.1725,-0.0541,0.1659,0.1478
2009-04-01,0.0191,-0.0858,-0.6504,-0.4622,-0.8158,0.1543,0.5878,-0.2279,-0.7904,0.6076,0.5625,0.8355,0.1805,0.2636,-0.1031,-0.401,0.222,-0.0788,-0.0095,0.1573,0.0677
2009-05-01,0.0183,-0.0861,-0.5014,-0.4211,-0.7512,0.0986,0.5543,-0.1649,-0.9687,0.3988,0.8037,0.5637,0.1027,0.2339,-0.0718,-0.2403,0.2243,-0.0953,-0.042,0.0741,0.0306
2009-06-01,0.017,-0.0876,-0.5453,-0.331,-0.6534,0.1006,0.5285,-0.0973,-0.8533,0.3086,0.7561,0.4059,0.1405,0.2095,-0.2594,-0.1506,0.2017,-0.0761,-0.1222,0.1201,0
2009-07-01,0.0152,-0.0799,-0.3509,-0.2496,-0.7334,0.0676,0.4934,-0.119,-0.9241,0.0966,0.8051,0.2156,0.1486,0.1676,-0.1163,-0.2207,0.1335,-0.0805,-0.0511,0.1469,0.024
2009-08-01,0.0142,-0.0754,-0.1999,-0.2287,-0.4953,0.0102,0.4535,-0.0803,-0.7704,-0.0035,0.6902,0.0768,0.0948,0.1344,-0.1306,-0.1178,0.119,-0.0847,-0.0331,0.121,0.0183
2009-09-01,0.0147,-0.0601,-0.0618,-0.0984,-0.4027,-0.0359,0.4741,-0.0819,-0.7732,-0.1259,0.6914,-0.0441,0.1033,0.0516,-0.0446,-0.1591,0.0697,-0.0267,0.0488,0.1636,0.0188
2009-10-01,0.017,-0.0612,0.469,0.0673,-0.0109,-0.1154,0.4308,-0.1168,-0.5275,-0.4889,0.4107,-0.3721,0.109,0.031,0.022,-0.1335,0.0097,-0.0271,0.0875,0.1687,-0.0431
2009-11-01,0.017,-0.05,0.6623,0.2009,0.307,-0.1445,0.3756,-0.0375,-0.4138,-0.6396,0.3762,-0.6021,0.1557,-0.0661,-0.0589,-0.0241,0.0283,0.0054,0.1636,0.1699,-0.1685
2009-12-01,0.0181,-0.0377,0.8693,0.2107,0.5941,-0.0434,0.3047,0.3944,0.0592,-0.8369,0.3352,-1.2313,0.1303,-0.0732,-0.0128,-0.0488,-0.032,-0.0106,0.1795,0.2053,-0.0986
2010-01-01,0.015,-0.0196,0.7423,0.2626,0.6281,-0.0791,0.2283,0.3921,0.1382,-0.7252,0.254,-1.1174,0.1601,-0.0657,-0.09,0.1872,-0.0645,0.0483,0.1153,0.1068,-0.1956
2010-02-01,0.0134,-0.0104,0.7617,0.4071,0.6686,-0.0909,0.1661,0.2513,-0.1306,-0.6729,0.3819,-0.9243,0.1659,-0.0936,-0.075,0.2636,-0.0702,0.1482,0.0973,0.0385,-0.2244
2010-03-01,0.0115,0.0046,0.6566,0.3823,0.5266,-0.0524,0.1292,0.2797,0.0317,-0.7801,0.2479,-1.0597,0.1477,-0.0786,-0.0616,0.238,-0.0811,0.1675,0.0541,0.0252,-0.1934
2010-04-01,0.0096,0.015,0.4859,0.3072,0.5287,-0.0329,0.0953,0.2731,0.1308,-0.8371,0.1422,-1.1101,0.1086,-0.0564,-0.0194,0.1133,-0.0436,0.1184,-0.0096,0.0126,-0.1001
2010-05-01,0.0094,0.0254,0.3431,0.17,0.2217,0.0738,0.0211,0.0388,-0.1138,-0.6066,0.1525,-0.6453,0.1823,-0.0123,-0.1268,0.0244,-0.043,0.1252,-0.029,0.0506,-0.0557
2010-06-01,0.0095,0.0323,0.2626,0.1144,0.0782,0.0709,-0.0106,-0.1506,-0.494,-0.3904,0.3434,-0.2399,0.1317,0.0121,-0.0624,0.0368,-0.0278,0.1272,0,0.0187,-0.0649
2010-07-01,0.0095,0.0323,0.2342,0.1094,0.1753,0.0399,-0.0106,-0.1678,-0.4978,-0.3405,0.33,-0.1726,0.121,0.0183,-0.0297,0.0244,-0.067,0.1502,0.0048,0.0062,-0.024
2010-08-01,0.0091,0.0334,0.1798,0.0277,0.0779,0.0624,-0.0105,-0.2849,-0.7673,-0.3048,0.4823,-0.0199,0.1294,0.0669,-0.01,-0.0953,-0.0236,0.1147,0.0284,0.0188,0.0645
2010-09-01,0.0081,0.0322,0.2948,0.0766,0.0809,0.0266,-0.0311,-0.2492,-0.6931,-0.2083,0.4439,0.0409,0.1312,0.037,-0.0164,-0.1092,0.0048,0.1172,0.0095,0.037,0.0366
2010-10-01,0.006,0.0344,0.236,0.1327,0.0771,0.0126,-0.0619,-0.2887,-0.9163,-0.3305,0.6276,-0.0418,0.1562,0.0061,-0.0446,-0.087,-0.0097,0.1239,0.0713,0.0485,0.0187
2010-11-01,0.0067,0.0321,0.1941,0.0747,0.0747,0.081,-0.0102,-0.2085,-0.5754,-0.2826,0.3668,-0.0741,0.1706,0.0062,0.0407,-0.076,-0.0673,0.116,0.0416,0.0368,0
2010-12-01,0.0066,0.0354,0.2883,0.1203,0.181,0.0149,-0.0625,-0.0873,-0.3388,-0.2322,0.2515,-0.1449,0.1233,0.0063,0.0776,-0.0126,-0.0874,0.1207,0.0681,-0.012,-0.0694
2011-01-01,0.0098,0.041,0.3599,0.1804,0.1338,-0.0219,-0.0741,-0.0956,-0.4217,-0.1998,0.3261,-0.1042,0.0859,-0.0572,0.1307,-0.0247,-0.1482,0.1184,0.0989,0.0494,-0.0703
2011-02-01,0.0112,0.0375,0.3148,0.1837,0.1589,-0.0441,-0.0852,-0.0303,-0.1105,-0.2492,0.0803,-0.2189,0.0837,-0.0633,0.1698,-0.0373,-0.1258,0.0832,0.0797,0.037,-0.0462
2011-03-01,0.012,0.0362,0.1928,0.1255,0.2367,-0.0664,-0.0953,-0.0897,-0.3159,-0.2254,0.2262,-0.1357,0.0624,-0.0255,0.2185,-0.0988,-0.0781,0.0812,0.0782,0.0062,-0.0067
2011-04-01,0.0131,0.0294,0.2216,0.139,0.2643,-0.1156,-0.0843,-0.1068,-0.373,-0.1367,0.2662,-0.0299,0.0284,0.0255,0.173,-0.1133,0.0099,0.052,0.0789,0.0124,-0.0066
2011-05-01,0.0144,0.0214,0.2983,0.2109,0.3165,-0.1485,-0.0645,-0.0759,-0.3935,-0.1696,0.3176,-0.0937,0.0281,0.0245,0.1818,-0.1148,0.0336,0.0479,0.08,0,-0.0064
2011-06-01,0.0157,0.0236,0.375,0.2479,0.2452,-0.1465,-0.0324,-0.0645,-0.5631,-0.2344,0.4986,-0.1699,0.0895,-0.0121,0.1823,-0.1284,0.0047,0.0766,0.1133,-0.0062,-0.031
2011-07-01,0.0173,0.0257,0.3022,0.1596,0.2411,-0.0984,-0.0435,-0.0033,-0.4136,-0.1588,0.4102,-0.1555,0.0888,0,0.2049,-0.1422,0.0388,-0.0048,0.0463,0.0183,-0.0245
2011-08-01,0.0195,0.0257,0.2197,0.1498,0.1167,-0.1154,-0.0541,-0.1603,-0.8157,0.0083,0.6554,0.1686,0.0842,0.029,0.1608,-0.1479,0.0422,0.0098,0.0185,0.0306,-0.0114
2011-09-01,0.0197,0.0246,-0.1478,-0.0086,0.1282,-0.0022,-0.0541,-0.2915,-0.8267,0.0437,0.5352,0.3351,0.0674,0.1035,0.0641,-0.1671,0.0693,-0.0392,-0.0785,0.0473,0.1184
2011-10-01,0.0209,0.0267,-0.028,0.0575,0.0536,-0.0143,-0.066,-0.1667,-0.3054,0.2717,0.1387,0.4384,0.0585,0.0473,0.1225,-0.1243,0.0381,0,-0.047,0.0234,0.0829
2011-11-01,0.0212,0.0256,-0.0704,0.0547,0.1444,-0.0352,-0.1306,-0.3171,-0.5878,0.1414,0.2707,0.4585,0.0309,0.0942,0.0824,-0.1563,0.0766,0,-0.0558,0.0297,0.1192
2011-12-01,0.0225,0.0266,-0.2575,0,0.1017,0.0143,-0.0899,-0.5078,-0.869,0.1428,0.3612,0.6505,0.0583,0.1351,0.0265,-0.1798,0.1195,-0.0095,-0.1161,0.024,0.179
2012-01-01,0.0225,0.0253,-0.142,0.0202,0.1142,0.0196,-0.092,-0.5428,-0.9328,0.1104,0.39,0.6532,0.0979,0.1171,-0.0407,-0.1625,0.1212,0,-0.0319,0.0355,0.1126
2012-02-01,0.0214,0.0308,-0.1458,0.0286,0.1323,0.0236,-0.081,-0.5973,-1.0116,0.0055,0.4143,0.6028,0.081,0.1112,-0.0622,-0.1353,0.0934,-0.0047,-0.0748,0.0702,0.0965
2012-03-01,0.0222,0.0285,-0.1173,0.0605,0.0311,0.0397,-0.0931,-0.452,-0.7221,-0.0042,0.2702,0.4478,0.0997,0.0982,-0.1506,-0.0811,0.0921,-0.047,-0.1172,0.0998,0.0712
2012-04-01,0.0229,0.0329,-0.0831,0.0248,-0.0629,0.0773,-0.1041,-0.5234,-0.9232,0.0454,0.3997,0.5689,0.1098,0.0844,-0.1316,-0.069,0.0618,-0.0472,-0.1083,0.0998,0.0826
2012-05-01,0.0223,0.0351,-0.2161,-0.0263,-0.0677,0.1066,-0.0931,-0.5659,-0.6581,0.073,0.0921,0.6389,0.105,0.0981,-0.1518,-0.0846,0.0506,-0.0333,-0.115,0.0998,0.1206
2012-06-01,0.0217,0.0306,-0.2022,0.031,-0.1557,0.0943,-0.1041,-0.6162,-0.3463,-0.0027,-0.2699,0.6135,0.0713,0.1041,-0.1392,-0.0564,0.0546,-0.052,-0.1183,0.0947,0.1072
2012-07-01,0.0209,0.0251,-0.2701,0.0652,-0.1001,0.1118,-0.0931,-0.6733,-0.4947,-0.0014,-0.1787,0.672,0.0453,0.109,-0.1402,-0.0572,0.0734,-0.0146,-0.1303,0.0758,0.106
2012-08-01,0.0192,0.0218,-0.1925,0.1432,0.0868,0.0917,-0.1054,-0.3141,0.1603,-0.2059,-0.4745,0.1082,0.0669,0.0226,-0.0865,0,0.0272,-0.0098,-0.1115,0.092,-0.0351
2012-09-01,0.0199,0.0261,0.1754,0.2416,0.1011,0.0175,-0.1431,-0.1408,0.2136,-0.2389,-0.3543,-0.0981,0.0703,-0.0277,0.0031,0.0588,0.0133,0.005,0.0051,0.0452,-0.1245
2012-10-01,0.0198,0.025,-0.0285,0.1193,0.0359,0.0481,-0.1206,-0.2059,0,-0.407,-0.2059,-0.2011,0.0624,0.0397,-0.0717,0.0572,0.0764,-0.0049,-0.0543,0,-0.023
2012-11-01,0.0193,0.0335,0.0071,0.1273,-0.1149,0.0222,-0.1105,-0.1974,0.077,-0.2567,-0.2743,-0.0593,0.0943,0.0222,-0.1072,0.1023,0.0668,-0.0096,-0.044,0.0174,-0.0819
2012-12-01,0.0188,0.0386,0.0417,0.1258,-0.1106,-0.005,-0.0732,-0.1408,0,-0.3311,-0.1408,-0.1903,0.0832,-0.0279,-0.0755,0.1144,0.031,0.0143,0.0098,0.0176,-0.1157
2013-01-01,0.0189,0.0151,-0.017,0.1323,-0.057,-9e-04,-0.0368,-0.0309,0.1178,-0.3206,-0.1487,-0.2897,0.0789,0.0343,-0.024,0.098,0.0705,-0.0093,-0.0621,-0.0295,-0.0423
2013-02-01,0.0197,0.0129,-0.0928,0.1036,-0.0702,0.0405,-0.075,0.0051,-0.0364,-0.176,0.0414,-0.1811,0.0749,0.0623,-0.0478,0.0834,0.0983,0.0187,-0.0396,-0.0642,0.0061
2013-03-01,0.0187,0.0129,-0.1169,0.1081,-0.1321,0.0502,-0.0892,-0.1018,-0.2683,-0.1905,0.1665,-0.0888,0.0705,0.0787,0.0124,0.0548,0.1095,0.0238,-0.0303,-0.0875,0.0428
2013-04-01,0.017,0.0107,-0.1845,0.1335,-0.1154,0.0366,-0.076,-0.1525,-0.2318,-0.2306,0.0793,-0.078,0.0625,0.0778,-0.0189,0.0822,0.1173,0.0048,-0.0354,-0.0875,0.0592
2013-05-01,0.0163,0.0139,-0.0221,0.2188,0.0011,0.0041,-0.0892,0.0697,-0.1484,-0.244,0.2182,-0.3137,0.0621,-0.0166,0.0354,0.1499,0.0859,0.0333,-0.0205,-0.0754,-0.1271
2013-06-01,0.0161,0.0139,-0.1346,0.1648,0.1506,0.0184,-0.0892,0.3505,0.1292,-0.1436,0.2213,-0.4941,0.1032,-0.0055,0.0193,0.1353,0.0807,0.0381,-0.0569,-0.0824,-0.1072
2013-07-01,0.0169,0.0139,-0.0908,0.2006,0.1737,-0.0145,-0.1163,0.5225,0.3075,-0.1503,0.215,-0.6728,0.1247,-0.022,-0.0126,0.1499,0.1009,0.0572,-0.0261,-0.1004,-0.1248
2013-08-01,0.0177,0.0182,-0.0686,0.1492,0.1238,0.0103,-0.1178,0.4892,0.2877,-0.0798,0.2015,-0.569,0.1025,-0.0112,0,0.1226,0.1058,0.0667,0,-0.0981,-0.0805
2013-09-01,0.0174,0.0181,-0.121,0.1546,0.1152,0.0035,-0.08,0.4909,0.4308,-0.045,0.0601,-0.5358,0.1178,-0.017,-0.0125,0.0953,0.0965,0.1039,0.0051,-0.0986,-0.0881
2013-10-01,0.0167,0.0159,-0.0682,0.2182,0.1155,0.0035,-0.08,0.4036,0.1942,-0.0077,0.2094,-0.4113,0.1174,-0.0112,-0.0156,0.0671,0.079,0.0886,0.0051,-0.0473,-0.1302
2013-11-01,0.0173,0.0116,-0.1051,0.243,0.0798,0.0066,-0.1097,0.4999,0.1054,-0.1116,0.3945,-0.6115,0.0956,-0.0335,-0.0287,0.08,0.0906,0.083,-0.0253,-0.0531,-0.1301
2013-12-01,0.0173,0.0021,-0.0449,0.2593,0.101,0.0034,-0.1648,0.5224,0.2683,-0.0834,0.2541,-0.6058,0.0959,-0.0229,-0.0254,0.0526,0.0877,0.0815,-0.0297,-0.0295,-0.1379
2014-01-01,0.0159,0.0201,-0.1451,0.1739,-7e-04,0.0257,-0.1924,0.4037,0.3677,-0.0362,0.036,-0.44,0.0635,-0.046,-0.079,0.0392,0.1088,0.0681,-0.03,0.0119,-0.0637
2014-02-01,0.0154,0.0232,-0.0855,0.2051,0.0561,-0.0272,-0.1391,0.3139,0.2007,-0.0663,0.1132,-0.3802,0.0824,-0.0741,-0.0664,0.0263,0.1277,0.0541,0.02,0.0179,-0.0892
2014-03-01,0.0163,0.0274,-0.1104,0.1766,0.08,-0.0354,-0.1128,0.3277,0.4308,-0.058,-0.1031,-0.3856,0.0334,-0.0729,-0.0442,0.052,0.0797,0.0681,0.0353,0.03,-0.081
2014-04-01,0.018,0.0284,-0.0508,0.1649,0.1031,-0.0278,-0.2036,0.4316,0.6022,-0.0612,-0.1705,-0.4928,0.0034,-0.0663,0.0344,0.0131,0.0558,0.1005,0.0453,0.0241,-0.0839
2014-05-01,0.0193,0.0262,-0.0476,0.1651,0.075,-0.0368,-0.1744,0.2825,0.4447,-0.0459,-0.1622,-0.3284,0.0067,-0.0226,0.0219,-0.0387,0.0676,0.0677,0.0554,0.0297,0
2014-06-01,0.019,0.0293,0.0441,0.1991,0.0992,-0.0416,-0.2066,0.1226,0.3102,-0.1939,-0.1875,-0.3165,-0.0165,-0.0568,0.0647,-0.0256,0.0633,0.0546,0.0817,0.0479,0
2014-07-01,0.0183,0.0334,0.033,0.1357,-0.0098,1e-04,-0.1633,-0.0156,0.4055,-0.1544,-0.4211,-0.1388,-0.0164,-0.069,0.0404,-0.0256,0.0583,0.0183,0.0715,0.0891,-0.052
2014-08-01,0.0172,0.0323,-0.0283,0.2044,-0.0988,0.008,-0.1658,-0.1242,0.2666,-0.1394,-0.3908,-0.0152,-0.0131,-0.0463,0.0062,-0.0129,0.0735,0.0183,0.0402,0.0645,-0.0195
2014-09-01,0.0173,0.0312,-0.0998,0.1595,-0.1313,0.0689,-0.1991,-0.105,0.3542,-0.1629,-0.4591,-0.0579,-0.0488,-0.0115,-0.0515,0.0129,0.088,-0.0045,0.0249,0.0763,-0.0066
2014-10-01,0.018,0.0332,-0.0735,0.1388,-0.175,0.08,-0.2336,-0.1303,0.2803,-0.0559,-0.4106,0.0744,-0.0553,-0.017,-0.1096,0.0256,0.1169,0.0045,-0.0204,0.0645,0.0579
2014-11-01,0.0173,0.0331,-0.1218,0.1354,-0.2138,0.0909,-0.1737,-0.1548,0.5691,0.0134,-0.7239,0.1682,-0.032,0.0225,-0.196,0,0.1116,0.0044,-0.0155,0.087,0.0928
2014-12-01,0.0161,0.0351,-0.1865,0.1079,-0.4987,0.1203,-0.1793,-0.2717,0.6325,0.1006,-0.9042,0.3723,-0.0159,0.0397,-0.1985,0.0253,0.1169,-0.0087,-0.0358,0.0582,0.144
2015-01-01,0.0162,0.0371,-0.2421,0.1126,-0.6951,0.154,-0.1466,-0.4195,0.3438,0.0891,-0.7633,0.5086,0.0097,0.0737,-0.1916,-0.0129,0.1152,-0.0044,-0.0153,0.0406,0.1294
2015-02-01,0.0167,0.0318,-0.176,0.1238,-0.6898,0.1772,-0.1974,-0.3139,0.6306,0.1346,-0.9445,0.4485,0.0157,0.0686,-0.2061,0,0.0826,-0.0088,-0.015,0.0631,0.0263
2015-03-01,0.0173,0.0256,-0.1035,0.0993,-0.7457,0.2054,-0.2157,-0.2877,0.47,0.1272,-0.7577,0.4148,0.0699,0.051,-0.2151,-0.0127,0.1326,-0.0132,-0.0456,0.0463,0.0065
2015-04-01,0.0179,0.0256,-0.0484,0.1016,-0.6284,0.174,-0.1382,-0.3343,0.2513,0.0763,-0.5856,0.4105,0.0806,0.017,-0.2041,0.0129,0.1238,-0.0354,-0.03,0.0745,-0.0447
2015-05-01,0.0174,0.0225,-0.1279,0.0913,-0.5446,0.1871,-0.1178,-0.1515,0.4473,0.0915,-0.5988,0.243,0.0705,0.017,-0.2642,0.026,0.1497,-0.0401,-0.04,0.0623,-0.0195
2015-06-01,0.0176,0.0194,-0.1949,0.0512,-0.5701,0.1797,-0.1406,-0.0968,0.4274,0.1671,-0.5243,0.2639,0.098,0.0401,-0.3129,0.0382,0.1623,-0.0315,-0.0606,0.0401,-0.0853
2015-07-01,0.0182,0.0193,-0.3085,0.0859,-0.7106,0.1784,-0.1759,-0.0906,0.2729,0.222,-0.3635,0.3127,0.1244,0.0964,-0.3903,0.0506,0.1568,-0.0183,-0.1258,0.0225,0.0132
2015-08-01,0.0183,0.0183,-0.2933,-0.0157,-0.8118,0.148,-0.179,-0.109,0.3983,0.2321,-0.5074,0.3411,0.1149,0.0905,-0.3571,0.0382,0.126,-0.0137,-0.1202,0.028,0.0324
2015-09-01,0.0188,0.0183,-0.2479,-0.0269,-0.7176,0.1143,-0.1655,-0.1535,0.2196,0.2786,-0.3731,0.4321,0.1484,0.099,-0.3385,0.0253,0.0775,-0.0136,-0.1657,0.0388,0.0947
2015-10-01,0.019,0.0152,-0.28,0.0299,-0.6022,0.1097,-0.131,-0.1054,0.3522,0.2901,-0.4576,0.3955,0.1575,0.061,-0.2543,-0.0127,0.0418,-0.0225,-0.0749,0.0606,-0.0317
2015-11-01,0.0198,0.0101,-0.3357,0.0062,-0.5799,0.1254,-0.1286,-0.0305,0.507,0.2175,-0.5375,0.248,0.125,0.0274,-0.1392,0.0253,0.0278,-0.0268,-0.059,0.0488,-0.0453
2015-12-01,0.0205,0.0071,-0.2893,-0.0073,-0.4664,0.0886,-0.1133,0.0135,0.4261,0.3049,-0.4126,0.2914,0.1005,0.0697,-0.233,-0.0126,0.0721,-0.0357,-0.0813,0.0603,-0.0436
2016-01-01,0.0212,0.0071,-0.2101,-0.0278,-0.3991,0.0495,-0.1719,0.1059,0.4925,0.4161,-0.3866,0.3102,0.1005,0.1135,-0.2024,-0.0131,0,-0.0405,-0.1559,0.0818,0.0058
2016-02-01,0.022,0.0081,-0.2487,-0.0854,-0.5117,0.0306,-0.1155,-0.1065,0.1633,0.4172,-0.2698,0.5237,0.0808,0.1294,-0.2191,-0.0397,0.0137,0.0088,-0.1003,0.0541,0.1448
2016-03-01,0.0212,0.0081,-0.2305,-0.0039,-0.2418,-0.0391,-0.077,-0.0764,0.3185,0.2777,-0.3948,0.3541,0.0653,0.1147,-0.1887,-0.0392,-0.0516,0.0176,-0.0642,0.0917,0.1495
2016-04-01,0.0213,0.006,-0.2363,-0.0097,-0.2898,-0.0162,-0.0572,-0.0694,0.3548,0.2367,-0.4242,0.3061,0.0746,0.1115,-0.1636,-0.0129,-0.0034,0.0397,-0.0362,0.0164,0.1343
2016-05-01,0.0223,0.006,-0.2743,-0.005,-0.2381,-0.0106,-0.1542,-0.1951,0.2958,0.2421,-0.491,0.4373,0.0601,0.1014,-0.1244,-0.0129,-0.0303,0.0313,-0.047,0.043,0.1409
2016-06-01,0.0224,0.0091,-0.1786,0.0172,-0.2044,0.0068,-0.0785,-0.364,0.0564,0.1732,-0.4203,0.5372,0.0209,0.1558,-0.0852,-0.0645,-0.0399,0.0403,-0.0371,0.0493,0.2581
2016-07-01,0.0215,0.008,-0.0641,0.0326,-0.131,-0.0191,-0.08,-0.4361,0,0.0703,-0.4361,0.5064,0,0.0729,-0.032,-0.077,-0.0361,0.0541,0.0491,0.0749,0.1746
2016-08-01,0.0228,0.009,-0.122,0.096,0.0422,7e-04,-0.04,-0.33,0.0556,-0.0453,-0.3856,0.2848,-0.0088,0.0679,-0.0315,-0.0253,-0.0471,0.0579,0.0382,0.0796,0.0854
2016-09-01,0.0225,0.008,-0.0631,0.1216,-0.0066,-0.0093,0,-0.2861,0.0811,-0.139,-0.3673,0.1471,-0.0321,0.0207,0.0497,-0.0513,-0.0205,0.0577,0.0783,0.0884,0.0355
2016-10-01,0.0218,0.009,-0.0501,0.0223,0.0742,0.0154,-0.0202,-0.1622,0.2719,-0.2674,-0.4342,-0.1052,-0.0408,0.0625,0.0179,0.0127,-0.0634,0.0488,0.0274,0.0821,0.1327
2016-11-01,0.0212,0.011,0.2486,0.0554,0.0731,0.0132,-0.0817,-0.0546,0.1076,-0.1073,-0.1622,-0.0527,-0.0261,-0.0109,0.0657,0.0839,-0.0746,0.099,0.0538,0.0415,0.0703
2016-12-01,0.0217,0.015,0.1613,0.0911,0.3346,0.0374,-0.0619,0.1058,0.2025,-0.2881,-0.0967,-0.3939,-0.0324,-0.0423,0.1556,0.1192,-0.1194,0.087,0.0603,0.0468,0.0617
2017-01-01,0.0223,0.0149,0.2563,0.1609,0.5051,-0.001,-0.0211,0.1507,0.296,-0.4639,-0.1452,-0.6146,-0.0087,-0.1027,0.0886,0.1352,-0.0852,0.1003,0.1507,0.051,-0.0471
2017-02-01,0.0221,0.0139,0.2443,0.2015,0.5673,0.0292,-0.0632,0.3072,0.497,-0.5327,-0.1899,-0.8398,-0.0351,-0.0968,0.0583,0.1846,-0.0596,0.0555,0.0382,0.0612,-0.0578
2017-03-01,0.0203,0.0179,0.1932,0.1372,0.2729,0.0591,-0.1278,0.2717,0.3979,-0.3401,-0.1262,-0.6118,-0.0145,-0.0875,0.0048,0.1369,-0.0287,0.0427,0.0432,0.0649,-0.069
2017-04-01,0.0188,0.0199,0.1304,0.1436,0.2255,0.0622,-0.1476,0.2396,0.4765,-0.2604,-0.2369,-0.5,0,-0.0622,-0.1178,0.0988,-0.0493,0.0465,-0.0053,0.1274,-0.0408
2017-05-01,0.0172,0.0248,0.2059,0.1399,0.0372,0.0107,-0.087,0.2396,0.4608,-0.3354,-0.2212,-0.575,0.0145,-0.0415,-0.1368,0.075,-0.0598,0.0681,0,0.1236,-0.0115
2017-06-01,0.0168,0.0228,0.2069,0.1438,-0.0763,-0.005,-0.1306,0.2892,0.6074,-0.294,-0.3182,-0.5832,0.0088,-0.1226,-0.1691,0.1598,-0.0275,0.0719,0.0267,0.1064,-0.1238
2017-07-01,0.0166,0.0227,0.2628,0.128,0.0434,-0.0283,-0.11,0.4361,0.7153,-0.2156,-0.2792,-0.6517,0,-0.0893,-0.1184,0.1484,-0.0515,0.0596,0.0053,0.0934,-0.0745
2017-08-01,0.0164,0.0217,0.3973,0.1297,0.0716,-0.0355,-0.1076,0.3483,0.5938,-0.2013,-0.2454,-0.5497,-0.0089,-0.0953,-0.1906,0.0976,-0.0035,0.0465,0.0159,0.111,0.0174
2017-09-01,0.0158,0.0227,0.2882,0.1501,0.0978,-0.0252,-0.1508,0.2999,0.5834,-0.1217,-0.2836,-0.4216,-0.0149,-0.1082,-0.152,0.1579,-0.0104,0.0627,0.0421,0.0766,-0.0355
2017-10-01,0.0174,0.0265,0.3401,0.1916,0.0355,-0.0404,-0.1542,0.2933,0.6126,-0.1374,-0.3192,-0.4308,-0.015,-0.1584,-0.1691,0.1192,0.0109,0.0548,0.0628,0.1073,-0.0522
2017-11-01,0.0172,0.0284,0.1471,0.1857,0.2155,-0.0874,-0.1125,0.0936,0.5508,-0.1916,-0.4572,-0.2852,-0.0029,-0.0562,-0.2274,0.0339,0.0255,0.0122,0.0104,0.124,0.0364
2017-12-01,0.0175,0.0274,0.2721,0.1775,0.1077,-0.1057,-0.1366,-0.0368,0.4274,-0.1311,-0.4643,-0.0944,0.0295,-0.0556,-0.1857,0.0222,0.0221,0.0408,0.0366,0.1195,-0.0681
2018-01-01,0.0187,0.0225,0.1845,0.2144,0.1934,-0.1102,-0.1613,0.0599,0.5174,-0.0413,-0.4576,-0.1012,0.0373,-0.0905,-0.1542,0.045,0.022,0.0327,-0.0052,0.1128,-0.1491
2018-02-01,0.0186,0.0254,0.1391,0.1382,0.1517,-0.1097,-0.1151,0.1671,0.597,0.0811,-0.43,-0.086,0.0606,-0.1435,-0.1748,0.0332,-0.0109,0.0327,0.0159,0.1428,-0.1611
2018-03-01,0.021,0.0244,0.1317,0.1113,0.2403,-0.1092,-0.0953,0.1355,0.5541,0.0496,-0.4186,-0.0859,0.0428,-0.1198,-0.1118,0.0565,-0.0036,0.041,-0.0106,0.1097,-0.0935
2018-04-01,0.0213,0.0253,0.1618,0.105,0.2604,-0.0756,-0.0953,0.2214,0.652,0.0661,-0.4306,-0.1553,0.0504,-0.1685,0.0149,0.0572,-0.0036,0,-0.0106,0.0957,-0.0741
2018-05-01,0.0225,0.0223,0.1711,0.1148,0.3671,-0.0307,-0.1466,0.259,0.6579,0.1306,-0.3988,-0.1284,0.0477,-0.2179,0.0707,0.0585,-0.0183,0.0041,-0.0054,0.1142,-0.136
2018-06-01,0.0222,0.0242,0.0893,0.1149,0.4069,-0.0108,-0.0723,0.2843,0.6355,0.1144,-0.3513,-0.1699,0.0948,-0.1523,0.076,-0.023,-0.0464,-0.0459,-0.0213,0.1389,-0.081
2018-07-01,0.0224,0.0251,-0.0242,0.1311,0.4202,0.0174,-0.1236,0.2197,0.6445,0.1166,-0.4248,-0.103,0.0787,-0.1351,0.051,0,-0.0071,0.0041,-0.0214,0.0983,-0.1067
2018-08-01,0.021,0.0279,-0.1519,0.1603,0.3484,0.0263,-0.1466,0.2683,0.6781,0.1253,-0.4099,-0.143,0.1181,-0.1495,0.0379,-0.0117,-0.0139,-0.0251,-0.0652,0.104,-0.1551
2018-09-01,0.0217,0.026,-0.0526,0.1455,0.3434,0.0224,-0.1503,0.3102,0.6968,0.1011,-0.3866,-0.209,0.1298,-0.1149,-0.0155,-0.0698,0.0208,-0.0287,-0.1088,0.109,-0.1216
2018-10-01,0.021,0.0211,-0.1492,0.0516,0.316,0.0269,-0.1001,0.2887,0.6126,0.1294,-0.3238,-0.1593,0.0978,0.0118,-0.0375,-0.046,0.0526,-0.0591,-0.1474,0.0601,-0.0426
2018-11-01,0.0219,0.0201,-0.0893,0.0416,0.0056,0.0448,-0.1001,0.2834,0.5202,0.202,-0.2368,-0.0814,0.0794,-0.0116,-0.0603,-0.0455,0.1122,-0.0498,-0.1094,0.0352,-0.0241
2018-12-01,0.0222,0.021,-0.2212,-0.0644,-0.156,0.043,-0.05,0.1648,0.3761,0.2029,-0.2112,0.0381,0.0783,-0.0173,-0.1365,-0.08,0.1234,-0.079,-0.0968,0.0484,0.1034
2019-01-01,0.0216,0.0239,-0.1325,-0.0433,-0.2149,0.0699,0,0.0492,0.2241,0.2043,-0.175,0.1552,0.0654,-0.0119,-0.087,-0.0682,0.09,-0.041,-0.0984,0.0263,0.1491
2019-02-01,0.0212,0.0219,-0.052,0.0257,-0.1244,0.0594,-0.076,-0.065,0.137,0.0646,-0.202,0.1296,0.0438,0.0244,-0.017,-0.091,0.0772,-0.0121,-0.088,0.0296,0.1611
2019-03-01,0.0205,0.021,-0.0279,0.0707,-0.0758,0.0781,-0.0513,-0.0999,0.0555,0.0144,-0.1553,0.1143,0.0596,0.024,-0.061,-0.1164,0.0636,-0.041,-0.0778,0.067,0.1054
2019-04-01,0.0207,0.0152,-0.0507,0.1066,-0.0367,0.0596,-0.078,-0.1261,-0.0169,0.0048,-0.1092,0.1309,0.0532,0.0554,-0.1833,-0.0572,-0.0109,-0.0125,-0.0836,0.0913,0.0561
2019-05-01,0.0195,0.0162,-0.1447,0.0171,-0.1401,0.0392,-0.0541,-0.2165,-0.1273,0.0048,-0.0892,0.2212,0.0429,0.1236,-0.2478,-0.0465,0.0539,-0.0291,-0.0899,0.0246,0.1475
2019-06-01,0.0205,0.0142,-0.0869,0.079,-0.2165,0.0157,-0.1054,-0.3406,-0.3349,0.0671,-0.0058,0.4077,0.0237,0.0732,-0.2231,-0.0235,0.0394,0.0211,-0.0496,0.049,0.0929
2019-07-01,0.0214,0.0114,-0.0588,0.0566,-0.2132,0.0418,-0.0267,-0.3386,-0.3496,-0.1047,0.011,0.2339,0.0371,0.0728,-0.2281,-0.0233,-0.0179,-0.025,-0.0613,0.0895,0.1007
2019-08-01,0.0229,0.0123,-0.0433,0.0086,-0.2165,0.039,-0.0541,-0.5727,-0.5197,-0.0788,-0.053,0.4938,0.0288,0.1384,-0.2325,-0.0359,-0.0141,-0.0042,-0.0343,0.0599,0.1778
2019-09-01,0.023,0.0123,-0.0832,0.0213,-0.2096,0.0431,-0.0556,-0.568,-0.5181,-0.11,-0.0499,0.458,0.0209,0.1319,-0.2336,0.0238,-0.0564,-0.0084,0.0057,0.0601,0.2191
2019-10-01,0.0231,0.0095,-0.0115,0.1135,-0.2709,0.0023,-0.0541,-0.6109,-0.6126,-0.0617,0.0016,0.5492,0.0376,0.0174,-0.2259,0,-0.0312,0.0258,0.0059,0.0877,0.1004
2019-11-01,0.0233,0.0113,-0.0504,0.1292,0.0012,0.0102,-0.0541,-0.5445,-0.5746,-0.1718,0.0301,0.3727,0.0108,0,-0.2133,0,-0.0768,0.0127,-0.0116,0.1448,0.03
2019-12-01,0.0226,0.0056,0.0619,0.2537,0.19,0.0023,-0.08,-0.4197,-0.5096,-0.2896,0.0899,0.1301,-0.0027,-0.0117,-0.1445,0.0235,-0.0667,0,-0.0345,0.1511,-0.0234
2020-01-01,0.0225,0.0085,-0.103,0.1763,0.1129,0.0188,-0.1054,-0.4316,-0.5135,-0.3002,0.0819,0.1315,-0.0213,0.0237,-0.2877,-0.0118,-0.065,-0.034,-0.0777,0.1995,0.0865
2020-02-01,0.0235,0.0122,-0.1487,0.0592,-0.0837,0.0203,-0.0822,-0.5804,-0.6311,-0.1002,0.0507,0.4801,0.0053,0.0297,-0.3608,-0.0364,-0.0274,-0.0804,-0.0839,0.1719,0.0578
2020-03-01,0.0208,-0.0142,-0.2771,-0.0923,-0.6885,0.018,0.1466,-1.0832,-1.6781,-0.1198,0.5949,0.9634,-0.043,0.0905,-0.6539,-0.104,0.0821,-0.1246,-0.0907,0.1877,0.0737
2020-04-01,0.0144,-0.1268,-0.2097,-0.0114,-1.3503,0.0157,1.3863,-1.3437,-2.3643,0.2932,1.0205,1.637,-0.0052,0.0468,-0.4665,-0.18,0.1494,-0.1583,-0.0661,0.1777,0.018
2020-05-01,0.0123,-0.0991,-0.0866,0.1009,-0.7561,0.006,1.2993,-1.2759,-2.5649,0.2518,1.289,1.5278,0.0285,-0.0058,-0.4308,-0.1823,0.0902,-0.1402,-0.0299,0.224,-0.0408
2020-06-01,0.0117,-0.0592,0.0026,0.0525,-0.3554,0.013,1.117,-1.0423,-2.2541,-0.0915,1.2118,0.9507,0.0282,-0.0178,-0.4847,-0.2113,0.0513,-0.1486,-0.0702,0.2553,-0.0737
2020-07-01,0.0154,-0.0414,0.0696,0.0931,-0.3427,-0.0524,1.0141,-1.2007,-2.5069,-0.0469,1.3061,1.1538,0.0483,-0.0118,-0.5643,-0.238,0.0764,-0.1499,-0.0351,0.2347,-0.0428
2020-08-01,0.017,-0.0363,0.1787,0.1791,-0.2581,-0.071,0.8473,-0.9194,-2.4172,-0.0612,1.4979,0.8582,0.0624,-0.0698,-0.5731,-0.2171,0.0211,-0.1317,-0.0476,0.273,-0.1982
2020-09-01,0.0169,-0.0305,0.1625,0.122,-0.3626,-0.0568,0.8014,-0.9163,-2.541,-0.009,1.6247,0.9073,0.0868,-0.0519,-0.7064,-0.253,0.0564,-0.111,-0.0115,0.2621,-0.1725
2020-10-01,0.0161,-0.02,0.1478,0.0737,-0.3145,-0.0346,0.636,-0.7722,-2.3354,-0.0139,1.5632,0.7583,0.1075,-0.0292,-0.6795,-0.238,0.0209,-0.0886,0.0345,0.2216,-0.0698
2020-11-01,0.0165,-0.0237,0.2638,0.1424,-0.3315,-0.0673,0.6212,-0.7326,-2.2482,-0.1757,1.5156,0.5569,0.1217,-0.0418,-0.5202,-0.1917,-0.0211,-0.0473,0.0457,0.2088,-0.1126
2020-12-01,0.0161,-0.019,0.23,0.1506,-0.2418,-0.0693,0.6212,-0.6931,-2.4423,-0.1482,1.7492,0.5449,0.1097,-0.0544,-0.5429,-0.1639,-0.0244,-0.0443,0.0345,0.209,-0.1463
2021-01-01,0.0139,-0.017,0.346,0.1411,-0.1009,-0.0725,0.5754,-0.4884,-2.4589,-0.1727,1.9706,0.3157,0.1264,-0.0982,-0.383,-0.1542,0.0244,-0.0764,0.0834,0.1722,-0.2081
2021-02-01,0.0127,-0.0312,0.4766,0.2547,0.1555,-0.0762,0.5718,-0.1744,-2.4054,-0.324,2.2311,-0.1497,0.0868,-0.1377,-0.1312,-0.025,-0.0389,-0.0178,0.101,0.1496,-0.2839
2021-03-01,0.0163,0.0086,0.5871,0.4299,0.7579,-0.0606,0.3267,0.6155,-1.0986,-0.2085,1.7141,-0.824,0.1166,-0.1769,0.1526,0.0916,-0.1385,0.0992,0.1469,0.0837,-0.2537
2021-04-01,0.0292,0.1259,0.6439,0.3616,1.3162,-0.0814,-0.8863,0.9102,-0.3185,-0.6604,1.2287,-1.5707,0.0752,-0.1542,-0.0483,0.1318,-0.1494,0.1156,0.1281,0.0705,-0.1752
2021-05-01,0.0371,0.0972,0.656,0.3228,0.825,-0.0904,-0.8224,0.8829,-0.0606,-0.6605,0.9435,-1.5434,0.0152,-0.1178,0.0284,0.1823,-0.1258,0.1317,0.1515,0.0318,-0.204
2021-06-01,0.0432,0.0602,0.4599,0.3265,0.6223,-0.0522,-0.6229,0.7334,0.0513,-0.3438,0.6821,-1.0772,0.0175,-0.1208,0.0762,0.1625,-0.0834,0.0838,0.0758,0.0274,-0.181
2021-07-01,0.0412,0.0461,0.4526,0.2954,0.577,-0.0142,-0.636,0.7557,0.383,-0.345,0.3727,-1.1007,-0.0125,-0.1327,0.0639,0.152,-0.055,0.0846,0.0522,0.0392,-0.1773
2021-08-01,0.0387,0.0372,0.3644,0.2563,0.4698,0.0053,-0.499,0.6776,0.452,-0.2495,0.2257,-0.9271,-0.0471,-0.1353,0.1018,0.1798,-0.0176,0.0566,0.0649,0.0059,-0.0783
2021-09-01,0.0394,0.0314,0.3043,0.2475,0.5922,0.0038,-0.5066,0.7005,0.6131,-0.3232,0.0874,-1.0237,-0.0412,-0.1463,0.346,0.2171,-0.042,0.0093,-0.0116,0.0089,-0.1466
2021-10-01,0.0448,0.0302,0.3583,0.3424,0.7266,9e-04,-0.4128,0.6931,0.9555,-0.2848,-0.2624,-0.9779,0.0047,-0.1811,0.3873,0.202,-0.0531,-0.0093,-0.0287,0.0419,-0.2445
2021-11-01,0.0485,0.034,0.2186,0.2319,0.6592,0.0439,-0.4911,0.5839,1.0986,-0.0872,-0.5147,-0.6711,0.0352,-0.1582,0.2113,0.094,-0.0472,-0.0826,-0.0341,0.0873,-0.1575
2021-12-01,0.0536,0.0302,0.2378,0.2382,0.4221,0.0618,-0.5411,0.4578,1.5805,-0.0609,-1.1226,-0.5187,0.0072,-0.0775,0.1804,0.0533,-0.0071,-0.0463,0.0056,0.061,-0.071
2022-01-01,0.0588,0.0291,0.1957,0.1954,0.4702,0.0637,-0.47,0.4884,2.02,0.0339,-1.5317,-0.4545,-0.0562,0,0.3677,0.1301,-0.0495,-0.0094,0,0.0409,-0.056
2022-02-01,0.0625,0.0405,0.082,0.1377,0.4397,0.0616,-0.4895,0.4264,2.4849,0.2381,-2.0585,-0.1883,-0.0374,0.0523,0.29,0.0494,0.0179,-0.0273,0.0056,0.0356,0.0438
2022-03-01,0.0628,0.0253,0.1713,0.1313,0.5543,0.0531,-0.5274,0.2799,2.5442,0.1867,-2.2643,-0.0932,-0.0273,0,0.3538,0,0.0426,-0.0758,0,0.0541,0.0548
2022-04-01,0.0598,0.0252,-0.017,-0.0118,0.5002,0.1204,-0.5,0.5169,2.7647,0.3783,-2.2478,-0.1386,-0.0752,0.1427,0.4786,-0.025,0.0943,-0.0447,0.0532,0.0335,0.1075
2022-05-01,0.0584,0.0234,-0.0848,-0.0173,0.5194,0.1245,-0.4769,0.5823,2.7958,0.5123,-2.2134,-0.0701,-0.0893,0.0881,0.5689,-0.0364,0.0999,-0.0751,0.0206,0.0369,0.1799
2022-06-01,0.0574,0.0177,-0.1461,-0.1269,0.4755,0.1244,-0.494,0.7255,2.7081,0.5066,-1.9825,-0.2189,-0.1296,0.1789,0.4503,-0.0126,0.1603,-0.0135,0.0332,-0.0151,0.2606
2022-07-01,0.0573,0.0195,-0.2233,-0.0622,0.3378,0.1389,-0.4336,0.7871,2.626,0.7374,-1.839,-0.0497,-0.0332,0.1268,0.5728,0,0.0814,-0.0045,0.0112,0.0088,0.202
2022-08-01,0.0611,0.0222,-0.2143,-0.1341,0.3242,0.16,-0.3483,0.8179,2.6928,0.5812,-1.8749,-0.2367,-0.0257,0.1708,0.6878,0.0126,0.0685,0.0316,0.0282,-0.0207,0.2422
2022-09-01,0.0643,0.0241,-0.176,-0.1834,0.1621,0.1736,-0.2948,0.9437,2.7778,0.6894,-1.8341,-0.2542,-0.0404,0.1754,0.5515,-0.0123,0.146,0.032,0.0513,-0.0363,0.2395
2022-10-01,0.061,0.0185,-0.2579,-0.1735,0.0719,0.1697,-0.2231,0.9239,2.4187,0.7712,-1.4948,-0.1526,-0.1526,0.2217,0.6699,0.0241,0.1793,0.0893,0.0565,-0.0511,0.2014
2022-11-01,0.0579,0.0138,-0.1348,-0.1127,0.0639,0.0987,-0.1301,0.9137,2.1774,0.6782,-1.2637,-0.2355,-0.2151,0.2345,0.669,0.0859,0.1952,0.1341,0.1094,-0.0934,0.2278
